smiles,score
CCN1CCN(C(=O)c2cc(C(C)C)[nH]n2)CC1c1nccn1C,6.2
Cn1nc(CC(=O)N2CCC[C@@H]2C(=O)O)c2ccccc2c1=O,7.9
O=C(NC[C@H]1CCO[C@H]1C(=O)O)c1ccncc1Cl,6.9
CC(C)(C(=O)O)n1cc(NC(=O)c2ccn(-c3ccccc3)n2)cn1,8.2
CO[C@@H]1C[C@@H](c2ncn[nH]2)N(C(=O)c2cc3ccc(C)cc3[nH]2)C1,7.6
Cc1cccn2c(=O)cc(CN3CCC(n4ccnc4)CC3)nc12,7.6
Cc1cccc(OCCCC(=O)N2CCCC(c3ccn[nH]3)C2)c1,8.2
CO[C@@H]1C[C@@H](CO)N(C(=O)NCc2ccc(CN)cc2F)C1,7.1
Cn1nnc2cc(C(=O)N3CCNC(=O)C3CC3CCCCC3)cnc21,8.1
CNc1cnc(C(=O)N2CCCC2(C)Cc2ccccc2)cn1,8.2
COc1ccccc1-c1ccc(CN2CCCC(O)(CC(N)=O)C2)cc1,8.4
NC(=O)c1cc(NC(=O)c2cnn(-c3ccc(F)cc3)c2-n2cccc2)c[nH]1,8.3
Cc1occc1C(=O)N1CCOC(Cn2ccnn2)C1,7.2
O=C(O)C1CCCN1C(=O)C1CCOc2ccccc21,7.5
Cc1c(C(F)(F)F)n[nH]c1C(=O)NC1CCNC12CCC2,7.4
N#CC1(CC(=O)N[C@@H]2Cc3ccccc3O[C@H]2C(F)(F)F)CC1,7.3
CCOc1ccc2c(c1)C(NC(=O)C1(CO)CCCO1)CCO2,7.0
CS(=O)(=O)Nc1ccccc1C(=O)N1CCCOC(c2ccccc2)C1,7.5
CCc1nc2n(n1)CCCC2NS(=O)(=O)c1ccnn1C,7.1
O=C(O)CCN(C(=O)c1ccc(Cl)c(N2CCNC2=O)c1)C1CCOCC1,8.0
O=C(O)c1ccc(S(=O)(=O)NCC(=O)N2C3CCC2c2ccccc23)cc1,9.0
Cn1cc(S(=O)(=O)NC2CCC(=O)NC23CCC3)cn1,7.2
CCn1cc(O[C@@H]2CN(c3ccnc4c3cnn4C)C[C@H]2O)cn1,7.0
CCc1ocnc1C(=O)N[C@H]1CC[C@@H](Cc2nnc(C)o2)C1,7.6
Cc1ncoc1CNS(=O)(=O)N1CCCOCC1,6.3
O=C(N1CCN(C2CCNC2)CC1)C1(Cc2ccc(Cl)cc2)CCCC1,8.0
COC[C@H](O)CNCc1cnn(C2CCCC2)c1-c1ccccc1,8.0
Cc1noc(CN2CCCCC(NC(=O)NCc3ccc(Cl)s3)C2=O)n1,7.6
N#Cc1cnc(N[C@H]2C[C@@H](O)[C@@H]2n2cccn2)c(Cl)c1,7.5
Cc1cc(C)nc(-n2cc(C(=O)N3CCCC(CC(N)=O)C3)c(C(C)C)n2)n1,7.7
Cc1cc(CNC(=O)NC2c3ccccc3CC23CCOCC3)cc(C)n1,9.2
COCCn1cc(CNC(=O)N2CCCN(C(=O)C3CC3)CC2)cn1,6.9
Cc1n[nH]c(CC(=O)NC2(c3noc(C)n3)CCCCC2)n1,7.7
Cn1nc(C(=O)Nc2ccc(CC(=O)O)cc2)cc1C1CC1,7.7
CO[C@@H]1CN(Cc2cc(C#N)n(C)c2)C[C@H]1c1cn(C)nn1,6.3
Cn1nccc1C1CCCCN1C(=O)CCNC(N)=O,7.8
O=C(CCn1cncn1)NCc1cccc(C(=O)O)c1,8.6
CCn1nc(C2CC2)cc1C(=O)N1CC(=O)Nc2c(F)cccc21,8.9
N[C@@H]1C[C@@H]2CC(C(=O)N3CCc4cccc(C(F)(F)F)c4C3)C[C@@H]21,9.3
O=C(NCc1ccc(C(F)F)cc1)N1CCCCC1c1nnc([C@H]2CCCO2)o1,9.3
Cc1ccc(C(=O)Nc2cc(Cl)cc(C(=O)O)c2)o1,7.4
COCc1cc(C(=O)N(C)C2CCNCC2)ccc1F,7.0
Cc1ccccc1C1CCCN1C(=O)C1=C[C@@H](O)[C@@H](O)[C@H](O)C1,8.4
N#Cc1ccc(N2CCN(C(=O)Nc3nc(C4CC4)cs3)CC2)nc1,7.9
Cc1ccc(C)c(S(=O)(=O)N[C@@H]2CC[C@H](C(=O)O)C2)c1,7.7
N#Cc1ccc(N2CCC(NCc3nnc4n3CCCC4)C2=O)cc1,9.5
O=C(NCC1(c2cccc(OC(F)(F)F)c2)CCC1)C1CCc2cncn2C1,9.3
Cn1ccnc1CN1CCN(C(=O)CCOC2CCOCC2)CC1,6.4
Cc1nn(C)c2nc(C3CC3)cc(C(=O)N3CCC(c4nc(=O)[nH][nH]4)CC3)c12,8.9
Cc1nn(C)cc1C(=O)N[C@@H]1CC(=O)N(C2CC2)[C@H]1c1cccnc1,6.9
CN1C(=O)CN(Cc2nc(C3(c4ccc(C(F)(F)F)cc4)CCC3)no2)C1=O,9.3
COC(C)c1noc(CN(C)C(=O)NC2CCCN(c3cc(C)nn3C)C2)n1,6.7
COc1ccc(NC(=O)CN2CCCCCCC2=O)cc1-n1nnnc1C,8.2
Cc1cc(C(=O)N2CCOCC2c2noc(C)n2)c2ccccc2n1,8.2
CN1C(=O)C[C@@H](NC(=O)COc2ccccc2F)[C@@H]1c1cccnc1,8.0
COC1CC(c2nc(C)no2)N(C(=O)c2ccc3[nH]nnc3c2)C1,8.3
Cn1cncc1C(=O)NC(C)(CO)c1cccc(C(F)(F)F)c1,7.7
CCCCn1ncc(NC(=O)N2Cc3ccccc3OCC2C)c1C,6.8
CN(Cc1c(Cl)cnn1C)C1CCCN(c2cccnn2)C1,6.0
CC(=O)N1CCCN(C(=O)C(C)Oc2ccccc2C#N)CC1,7.2
O=C1C[C@]2(NC(=O)Nc3ccc4occc4c3)CCCC[C@@H]2N1,8.4
COc1cccc(CN(C)C(=O)c2coc(CN3CCC(O)C3)n2)n1,7.6
CCOc1cn(-c2ccccc2)nc1C(=O)N1CCN(CC)CC1CC,7.2
CN1CCN(CC(=O)Nc2ccc3c(c2)CN(C)C(=O)N3)CC1=O,8.2
COC(C)(C)C(=O)Nc1ccc(C(=O)O)c(C)c1,7.3
CC(=O)NCc1cc(OC2CCN(C(=O)c3ccc(C)n3C)C2)ccn1,7.5
COc1cccc(CN2CCCC(C(=O)Nc3cccc(C)n3)C2)n1,7.8
CCCC(=O)N1CCCC1C(=O)N1CCCS(=O)(=O)CC1,6.6
CCN1CCO[C@@H](CNC(=O)Cc2ccncc2C)[C@@H]1c1nccn1C,7.3
Cc1c([C@@H]2[C@@H](C(=O)N3CCS(=O)(=O)CC3)CC(=O)N2C)cnn1C,7.4
COCC1(C(N)=O)CCCN1C(=O)c1cc(C)no1,6.2
CC1CCN(C(=O)c2cnn(C3CCCNC3)c2)c2ccccc21,9.1
Cc1c[nH]c(CNC(=O)COC2CC(C)CCC2C(C)C)c(C)c1=O,6.9
COCC1(C(=O)O)CCN(C(=O)c2ccc(Cl)c(F)c2)C1,7.0
Cc1n[nH]c(C)c1CNc1cccc(S(=O)(=O)N2CCC(CO)CC2)c1,7.6
O=C(NCc1nccn1C(F)F)NC1CCCN(Cc2ccccc2)C1,8.2
Cc1cc(C(=O)N2CCC(O)(C(F)F)CC2)ccc1-n1cccn1,8.4
Cc1ccc(O)c(C(=O)NCCc2nc3c(s2)CCCC3)c1,7.7
N#Cc1c(CN2C[C@H](F)C[C@H]2C(=O)N2CCOCC2)cn2ccccc12,8.5
NC1CCCN(C(=O)c2cc(F)cc3nccnc23)C1,7.1
Cc1nnc2n1CC(NC(=O)Nc1ccccc1N1CCCC1=O)CC2,8.2
Cc1noc(C)c1NC(=O)[C@@H]1CSCN1C(=O)c1ccccc1,7.3
COCCN1C(=O)N[C@@H]2CN(c3cc(C)nc4ncnn34)CC[C@@H]21,6.9
CCn1ccnc1[C@H]1OCC[C@@H]1NC(=O)c1cnccn1,6.8
CC(NC(=O)NCC1CCCCN1S(C)(=O)=O)C1CCC(F)(F)CC1,7.1
COc1ccc(N2CC(C(=O)N3CCCC(N)C3)CC2=O)cc1OC,6.9
NC1CN(C(=O)Cn2ncc3cccnc32)CC12CCC2,7.4
COC1CCN([C@H]2CCC[C@H]2NCC(=O)NCc2ccc(C#N)cc2)C1,7.6
CO[C@@H]1C[C@@H](c2nncn2C)N(C(=O)c2n[nH]c3ccccc23)C1,8.4
COc1ccc(CC2CCCN(C(=O)Cn3ncn(C)c3=O)C2)cc1,8.1
CC(C)CN1CCOC(CNC(=O)N2CC(N3CCCC3=O)C2)C1,7.3
O=C(NCC1(O)CCC1)Nc1ccncn1,7.6
CCc1c(NCc2cc(C)on2)cnn1-c1ccccc1C,7.1
O=C(c1sccc1OC(F)F)N1CCn2c(n[nH]c2=O)C1,6.9
CC(C)Cn1cc(C(=O)Nc2ccn(C(C)(C)C(=O)O)n2)cn1,-0.0
Cc1ccc(C(C)(C)CNC(=O)N2CCOC(CN)C2)c(C)c1,7.6
c1cc(C2CCCN(CCc3ccc4c(c3)CCO4)C2)[nH]n1,9.3
O=C(C1CCCc2[nH]ncc21)N1CC(OCc2nc(C3CC3)no2)C1,8.5
Cc1cc(NC(=O)N2CCN(Cc3cscn3)CC2)ccn1,7.1
C[C@@H](NC(=O)NCc1nc(C(C)(C)C)co1)c1cc2ccccc2o1,7.8
CO[C@@H]1COC[C@H]1n1cc(CNC(=O)N2CCC3(CCN(C)C3)C2)nn1,6.8
Cc1n[nH]cc1CNC(=O)N1CCC(C)(C)C(c2ccccc2)C1,8.7
Cc1cccc(C(=O)N2C[C@H](c3cnn(C)c3)[C@@H](C(N)=O)C2)c1Cl,7.6
COCC1(C)CN(C(C(=O)O)c2ccc(Cl)c(Cl)c2)CCO1,6.7
O=C(N1CCC(N2CCS(=O)(=O)CC2)CC1)C1(c2cccc(F)c2)CCC1,8.4
CCn1nc(C)c(S(=O)(=O)N2CCC(OCC(=O)O)CC2)c1C,6.6
COCc1cc(N2CCC([C@@H]3CC[C@H](C(=O)N(C)C)O3)CC2)ncn1,6.4
O=C(Cn1c(C2CCCCC2)nc2ccccc21)Nc1nncn1C1CC1,9.7
CC1(C)CN(CCOc2ccccc2C(=O)O)[C@@H]2COC[C@@H]21,7.3
Cc1cc(C(=O)Nc2c[nH]nn2)nn1C(C)C1CC1,6.6
Cc1noc([C@@H]2CC[C@H](CN(CC(=O)N(C)C3CC3)S(C)(=O)=O)O2)n1,6.8
Cc1noc(C)c1CNC(c1ccc(Cl)cc1)C1CN(C)CCO1,7.7
CCN(c1cccc(OC)c1)S(=O)(=O)c1cccc(C(=O)O)c1C,7.2
Cc1cccc(NC(=O)C2CCCN2C(=O)Cc2ccccc2)n1,8.7
CC(C)n1ccc(CNC(=O)N2CCC(C)(C3CC3)CC2)n1,6.8
CC1(C(=O)N[C@@H]2CCOc3c(F)cccc32)CNC1,7.0
Cc1noc(C)c1COC1CCN(C(=O)c2cc(C3CC3)no2)C1,7.8
COc1ccccc1N1CCC(NC(=O)Cn2ncn(C)c2=O)C1,6.8
CC(O)(CNC(=O)[C@H](CO)NC(=O)Cc1ccc(F)cc1)C1CC1,7.5
O=C(CNCC1CCCN1c1cccnn1)NCCc1ccccc1,8.7
O=C(CC1CCCN1C(=O)c1cc(F)ccc1O)c1ccccc1,8.7
CCCc1cc(C(=O)N2C[C@@H](C)O[C@@H](c3nc(C)no3)C2)no1,7.1
COc1cc(C(=O)O)ccc1S(=O)(=O)N1CCOC2(CCC2)C1,7.7
CCc1[nH]ccc1C(=O)N1CCCNC(=O)C1Cc1ccccc1,7.4
COc1ccc(C(NC(=O)CN2CCCCCCC2=O)C(=O)O)cc1,7.6
COC(C(=O)Nc1[nH]nc(C)c1C)c1ccccc1C(F)(F)F,7.4
CNC(=O)C1CCN(C(=O)NCc2ccccn2)CC1,6.9
Cn1c(-c2nc(-c3ccc4[nH]nnc4c3)no2)cc2ccccc2c1=O,9.9
O=C(O)[C@H]1CCCN1Cc1csc(CCc2ccccc2)n1,8.3
Cc1noc(CC2(O)CCCN(C(=O)Cc3cccnc3)C2)n1,7.5
COc1cc(S(=O)(=O)Nc2cnn(C(C)C3CC3)c2)sn1,6.6
CC(CO)NC(=O)Nc1cn(-c2ccccc2C(F)(F)F)nn1,7.8
Cc1c(S(=O)(=O)NC2(CO)CCC2)cnn1C,5.5
O=C1CCCCc2cc(C(=O)N3CCOC(c4nccs4)C3)ccc21,9.4
CC1CC(c2ccccc2F)N(C(=O)NCCc2ccn(C)n2)C1,8.4
Cc1nnnn1-c1cccc(NC(=O)c2cccc(C(F)(F)F)c2)c1,9.0
N#Cc1cnc2ccccc2c1N1CCC(O)(Cn2ccnn2)C1,7.7
NC(=O)c1cnn2c1NCC(CNCCc1ccco1)C2,7.2
Cc1cnn(C2CCN(C(=O)NCc3ncnn3-c3ccccc3)C2)c1,8.6
CN(C[C@@H]1C[C@H](F)CN1c1ccnc(N(C)C)n1)C(=O)Nc1ccnn1C,7.0
COCCn1nnnc1NC(=O)C1CCc2cc(OC)ccc21,7.9
CN(C)C(=O)c1cc(NC(=O)NC(c2ccccn2)C2CC2)ccn1,7.4
Cc1[nH]c2ccccc2c1C(=O)N1CCC(O)(CO)C1,7.6
Cc1cc(C2CCCN2Cc2cc(C(=O)O)co2)on1,7.6
Cc1c(C2C(C(=O)N3CCN(C4CC5CCC4C5)CC3)CC(=O)N2C)cnn1C,6.8
Cc1ccc(F)cc1S(=O)(=O)NCc1nnc(C2CCOC2)[nH]1,8.1
Cc1ncc(CNC(=O)[C@H]2CC[C@@H](C(=O)O)N2)n1-c1ccccc1,7.8
c1ccc(CCOCc2coc(-c3ccccc3)n2)cc1,8.5
COc1nccc(C(=O)NC2(CO)CCOc3ccccc32)n1,7.1
CC(C)Oc1cccc(C(=O)N2CCOC(c3ccccc3)CC2)n1,8.2
O=C1CCc2cc(C(=O)NCCCNC(=O)c3ccc4c(c3)CCC(=O)N4)ccc2N1,9.7
Cc1cnn(CC2CCN(CC(O)CN3CCC(C)CC3)CC2)c1,6.9
O=C(NCCc1cnccn1)N1CCC(c2nc(-c3ccccc3)no2)CC1,9.3
CCc1nn(C)cc1C(=O)N[C@H]1CCO[C@@H]1c1cnn(CC)c1,7.2
COc1cccc(C(=O)N2CCN(C(=O)Nc3cnn(C)c3)CC2)c1,7.7
Cc1ccc(NC(=O)NCC2CCCN(CCn3ccnc3)C2)cc1,7.9
NS(=O)(=O)C1CCCN(C(=O)c2ccoc2)C1,6.7
CCC(C)n1nc(NC(=O)N2CCC3(CCNCC3)C2)cc1C,7.0
O=C(O)CCNC(=O)C1Cc2cc(Cl)ccc2O1,7.4
COc1cc(NC(=O)N2CCN(c3ncccc3F)CC2)ncn1,8.0
COCC1(C(=O)O)CCCN(C(=O)Cc2ccc3c(c2)CCC3)C1,8.3
CCCOCc1ccccc1CNC(=O)[C@H]1CC[C@@H](C(=O)O)N1,7.8
CC(C)(C#N)CCN1CCOC(c2cccc(C#N)c2)C1,7.5
CC(C)n1ccc(C(=O)Nc2ccc3sc(C(=O)O)cc3c2)n1,7.9
NC(=O)c1ncn2c(C(=O)NC3CCNCC3)cc(-c3ccco3)nc12,8.8
COCCN1CC(C(=O)NC(CC(C)C)C(=O)O)CC1=O,6.3
CC(C)c1ncncc1C(=O)N1CCN(C2(C(=O)O)CCOC2)CC1,6.4
Cc1cccc(C)c1OCC(O)CNC(C)(C)CO,6.5
CC(C)COC1CCN(C(=O)NCC(C)(C)c2cccs2)CC1,6.3
Cc1noc(C)c1CC(C)NC(=O)Nc1ccccc1,7.1
COCC(C)(CC(=O)O)NC(=O)C1CC=CCC1,7.0
Cc1c([C@@H]2CNC[C@H]2c2nc(-c3ccc(CN)cc3)no2)cnn1C,8.3
Cn1nccc1C1CN(CCc2nc3ccccc3c(=O)[nH]2)CCO1,8.0
COCC1(O)CCN(Cc2ccc3c(c2)oc(=O)n3C)CC1,7.0
CCCCOc1ncccc1CNC(=O)CC1CCN(C)C1,6.8
O=C(O)CN1CCC(NS(=O)(=O)Cc2c(Cl)cccc2Cl)CC1,7.5
CN1C[C@@H](NC(=O)CCc2nc3ccccc3o2)[C@H](c2cncn2C)C1,8.0
COC(=O)[C@H](Cc1c[nH]c2ccccc12)NC(=O)C[C@H](NC(C)=O)C(N)=O,7.8
O=C(Nc1ccnn1Cc1ccc(F)cc1)N1CCN2CCCCC2C1,9.3
CN1CC(NC(=O)N[C@@H]2c3ccccc3C[C@@H]2O)CCC1=O,7.8
Cc1nc(C2CC3CCC(C2)N3Cc2ccc(C(=O)O)s2)no1,7.6
COc1cc(NC(=O)NC2(CO)CCC2)ncn1,6.0
F[C@H]1C[C@@H](CNCc2ccc(-n3cccn3)cc2)N(c2cccnn2)C1,9.2
CC1CN(C(=O)Cc2ccc3c(c2)OCO3)c2ccccc2C(=O)N1,8.5
COc1ccc(OCCNC(=O)N2CC3(CCCC3)C2)cc1,7.7
O=C(O)CCN(Cc1ccccc1)C(=O)C1CCOCC1,7.6
O=C(O)[C@H]1CCCN1C(=O)COCc1ccccc1Cl,7.6
CN(Cc1ccccc1)S(=O)(=O)c1cn(C)cn1,6.9
O=S(=O)(Cc1c(F)cccc1F)NC[C@H]1CC[C@@H](c2ncn[nH]2)O1,7.9
Cc1cnc(CN[C@@H]2CCCC[C@@H]2Cc2nn(C)c(=O)n2C)o1,7.6
CCCc1cc(C(=O)N2CCCCC2c2ncc[nH]2)cc(=O)[nH]1,8.0
CCn1nccc1C1NC(=O)CCC1NC(=O)c1cnn2ccccc12,7.9
O=C(c1n[nH]c2c1CCC2)N1CCC(OCc2ccccc2F)CC1,8.8
Cn1ccnc1CC1CCCN(c2nc(N)c3cnn(C)c3n2)C1,6.8
O=C(O)COc1cccc(C(=O)NC2(c3ccc(Cl)cc3)CC2)c1,8.8
CC(=O)NCC1CCN(C(=O)CCc2nc(-c3cccs3)no2)CC1,8.2
CN1CCC[C@@H](CNc2nc3cc(F)ccc3o2)[C@@H]1c1cncn1C,7.8
Clc1cnc2nc(N3CCC(c4ncc[nH]4)CC3)ccc2c1,7.5
COc1ccc(CNC(=O)c2ccn(C)c(=O)c2)cc1C(=O)O,8.0
CNS(=O)(=O)c1cccc(NC(=O)C2C3CCC(O3)C2C(F)(F)F)c1,7.8
CCC1CCCN(C(=O)Nc2cnn(Cc3ccccc3)c2)C1,7.9
Cc1cc(C(=O)O)cc(C(=O)N2CCC(c3nccc(C(F)(F)F)n3)C2)c1,9.4
Cc1ccc(C(=O)N2CCCN(S(C)(=O)=O)CC2)c(=O)[nH]1,7.1
Cc1cnn(C2CCN(C(=O)NCCn3c(=O)[nH]c4ccccc43)C2)c1,8.2
CN(C(=O)c1ccc(-c2noc(C(F)(F)F)n2)cc1)C1CCOC1,7.9
Cc1cc(NCc2cccc(NC(=O)C3CCCO3)c2)ccn1,8.8
Cc1nnsc1C(=O)NCCOc1ccc(C(=O)O)cc1,7.5
Cc1occc(=O)c1OCC(=O)N[C@@H]1CCC[C@H]1O,6.5
Cc1nnccc1NC(=O)NC(c1ccncc1)C1CC1,7.4
Cc1c(CNCC2CCCOC2)cc(C#N)n1C,6.4
O=C(O)COc1ccc(C(=O)N2CCCC(N3CCCS3(=O)=O)C2)cc1,8.3
Cc1cccc(C(=O)N(C)C[C@H](O)CO)c1C,6.4
CCC(C)n1ncc(C(=O)N2CCC(N(C)c3ccc(C)nn3)CC2)c1C,6.8
O=C1CN(C(=O)c2coc(CN3CC[C@H](O)C3)n2)Cc2ccccc2N1,7.8
Cc1nc(-c2ccn(C)n2)sc1CC(=O)N1CCC(N2CCOCC2)CC1,7.1
Cc1n[nH]c(C)c1CC(=O)N1CCOC(CC(=O)O)C1,7.1
CN(Cc1ccccn1)C(=O)Nc1cc(C(F)(F)F)c[nH]c1=O,7.2
C[C@@H]1CN(S(=O)(=O)c2ccc(C#N)c(Cl)c2)C[C@H]1C(=O)O,7.5
O=C(O)CC1CCN(C(=O)C2CC2)c2ccccc21,8.0
O=C(NCC1CCCC1c1ccccc1)N1CCOC2(CCOCC2)C1,9.9
O=C(Nc1cncc2c1CCCC2)c1ccn(CC(F)(F)F)n1,7.9
COCc1n[nH]c([C@H]2CN(c3nccn(C)c3=O)C[C@@H]2C2CC2)n1,7.6
Cc1c(Cl)cccc1NC(=O)C(C)N1CCC(c2ncco2)CC1,7.5
COCc1n[nH]c([C@H]2CN(C(=O)Cc3ccc(F)cc3)C[C@@H]2C2CC2)n1,8.3
Cc1cn(C)nc1CNc1ccccc1C(=O)N1CCCC1CO,7.2
Cc1cc(CN2CCOCC2c2c(C)nn(-c3ccccc3F)c2C)ncn1,8.1
O=C(NCc1cccc(O)c1)C1CCN(c2cnccn2)CC1,8.5
C=Cc1ccc(C(=O)N(C)c2ccc(S(C)(=O)=O)cc2)cc1,8.1
O=C(CN1CCCCC(O)C1=O)NC1CCC(F)(F)CC1,7.0
CC1CCC(NS(=O)(=O)CC(=O)N2CCCC2C(=O)O)CC1,7.1
CCOc1cccc2[nH]cc(CC(=O)N3CCO[C@@H]4COCC[C@@H]43)c12,7.9
Cc1cc(C)c(C(=O)O)cc1NC(=O)C1CCN(C(=O)C(C)C)CC1,8.2
CCc1nnc(C[C@@H]2CC[C@H](Nc3cc(C)nc4ncnn34)C2)o1,7.6
CCc1nc(CNC(=O)N2CCN(Cc3cnc(C)s3)CC2)cs1,6.7
COCC(C)NC(=O)C1CC(=O)N(c2ccc3c(c2)OCCO3)C1,7.6
CC(O)CNS(=O)(=O)CC1CN(C(=O)C2CC2C)C1,6.9
CC(C)CC(=O)NC1CCc2nnc(Cc3ccccc3)n2C1,8.0
Cc1ncc(C(=O)NCC(C(=O)O)c2ccc(F)cc2)c(C)n1,7.8
O=C(O)C(C1CC1)N1CCN(Cc2nc3ccccc3s2)CC1,7.2
O=C(CSCC1CCCCO1)Nc1cccnc1N1CCCC1,7.6
CO[C@@H]1C[C@@H](c2ncc[nH]2)N(C(=O)c2nccc3occc23)C1,7.3
O=C(O)CNC(=O)C1(c2cccc(Cl)c2)CCCC1,8.4
COc1cc(-c2ccc3c(c2)OC(C)(C)C(=O)N3)cnc1C(F)(F)F,8.4
COC(=O)c1occc1NC(=O)COCC1CCCO1,6.3
COc1cc(NC(=O)c2cc(F)c(F)c(F)c2F)ccc1NC(C)=O,8.0
CCCC(=O)N1CSCC1C(=O)Nc1cc(F)ccc1Cl,7.3
Cc1cc(CC(C)NC(=O)N2CCCCCC2c2ccc(C)o2)n[nH]1,7.5
CCc1cccc(S(=O)(=O)N[C@@H]2CCC[C@H](C(=O)O)C2)c1,8.0
O=C(c1cnc(C2CC2)nc1)N1CCC(Cc2nc3ccccc3[nH]2)CC1,9.1
Cn1cnc2cc(C(=O)N3CCC(CN4CCCC4=O)C3)ccc21,7.9
COc1ccc(NC(=O)C2(C(=O)O)CC=CC2)cc1-n1nnnc1C1CC1,8.2
O=C(Nc1ccc(OCCc2ccccc2)nc1)N1CCC2CCC(C1)S2=O,9.8
Cc1nc(C)c(C)c(N2CCC(O)(Cn3ccnn3)C2)n1,6.7
CC1c2ccsc2CCN1C(=O)c1ccc(C(=O)O)cc1F,8.4
CC1C(C(F)(F)F)CCCN1C(=O)c1ccc2[nH]c(=O)n(C)c2c1,8.5
CCC(O)CN1CCN(C(=O)c2ccn(C)c(=O)c2)CC1,6.5
Cc1ccc(F)cc1C1(c2noc(C3C[C@H]4CC(=O)[C@@H]3C4)n2)CC1,8.5
CCC1CN(C(=O)c2csc(CN)n2)CCO1,5.6
O=C(NCC1C2CC3CC(C2)CC1C3)N[C@H]1COC[C@H]1n1ccnn1,7.7
CCN(C)C(=O)CN1C[C@@H](OC)C[C@H]1c1n[nH]c(=O)n1CC,6.0
CN(C)C1CCN(Cc2cn(C)nc2C(=O)N2CCc3ccncc32)C1,7.0
O=C(C1CC1)N1CCCCCC1C1CCN(c2cnc3ccccc3n2)CC1,8.9
CN(C)c1ccc(C2CCCN2C(=O)CCc2ccnn2C)nn1,7.8
O=C(N[C@H]1C[C@@H](O)[C@@H]1n1cccn1)C1(c2cccc(F)c2)CCOCC1,9.9
COCCOc1ccc(-c2noc(C3(C)CCC(F)(F)CC3)n2)cc1F,8.1
CCC(CC#N)NS(=O)(=O)c1ccc(C#N)cc1NCCCO,6.4
CCN1CCC[C@@H](CN(C)C(=O)c2sccc2C)[C@@H]1c1cnn(C)c1,6.3
COCCOc1ccc(Nc2ncnc3c(F)cccc23)cc1Cl,7.6
Cc1cnn(C2CCN(C(=O)C(Cc3ccc(F)cc3)n3nnnc3C)C2)c1,8.7
O=C(Cc1ccn[nH]1)N1CCC[C@H]1Cn1cc(C2CC2)nn1,7.5
CC(c1nc(-c2cc(CN3CCOCC3)c[nH]c2=O)no1)C1CC1,7.7
Cc1nc(CN2C[C@@H](F)C[C@H]2CNC(=O)c2scnc2C)oc1C,6.8
CC(O)C(NC(=O)c1cc(Cl)ccc1Cl)C(=O)NC[C@H](C)O,7.3
Cn1ccnc1[C@@H]1CN(c2ccncc2Cl)C[C@H]1NC(=O)C1CC1,6.9
c1cnc2ccc(CN3CCCC(c4n[nH]c(C5CC5)n4)C3)cc2c1,8.7
CC(C)n1ccc(CC(=O)N2CCC[C@@H]2C(N)=O)n1,6.5
COc1ccccc1C(C)CC(=O)N1CCCC(CCC(=O)O)C1,7.5
Cc1csc2ncnc(NCc3ccnc(-n4cccn4)c3)c12,7.7
CC(C)c1ccccc1S(=O)(=O)N1CC(c2ccccc2)C2COCCC21,8.1
Cn1cnc([C@@H]2CNC[C@H]2C(=O)N2CC3(CCC3)c3c(F)cccc32)c1,8.5
O=C(O)[C@@H]1CN(C(=O)Cc2cn3c(n2)CCCC3)C[C@H]1c1ccc(Cl)cc1,8.7
O=C(c1cccc(Cl)c1)N1CCN(C2(C(=O)O)CCOC2)CC1,7.5
COCCn1nnnc1NC(=O)C1CCC(F)(F)CC1,7.9
CNC1CCN(C(=O)c2ccc(-c3ccccc3)nc2C)CC1,7.9
CCc1cc(N2CCCC(Nc3ncnc4[nH]ccc34)C2)ncn1,8.3
Cc1ccc(-c2nc(CN3CCc4c(ncn4C4CC4)C3)co2)cc1,8.6
CC(C(F)F)S(=O)(=O)NCc1noc(-c2cccs2)n1,7.1
Cc1c(C(=O)NC2CCCCCC2)nnn1-c1cccc2c1CCN(C1CCOCC1)C2,8.6
Cc1ccc(C)c(S(=O)(=O)N[C@H]2C[C@H](C(=O)O)C2)c1,7.5
O=C(CC1NC(=O)NC1=O)NCc1cc2c(s1)CCCC2,8.1
COc1cc(NC(=O)CCc2ccccc2)ccc1C(=O)O,7.7
COC(CN(Cc1nnc2n1CCOCC2)S(C)(=O)=O)C1CCCC1,7.3
CC(C)c1nc2n(n1)CC(NC(=O)c1cc(F)cc(Cl)c1)CC2,7.9
Cc1cccc2c(N3CCN(CC(F)(F)C(F)F)CC3)ncnc12,7.8
Cc1ccc(S(=O)(=O)NCC2(N)CCC2)s1,6.2
Cc1cc(C)n(-c2ccc(C(=O)Nc3ccccc3N(C)C)cc2)n1,7.7
Cc1ccc(Cl)c(OC(C)C(=O)N(CCC(=O)O)C2CCOCC2)c1,6.9
CC1(CNC(=O)C2NCCOc3ccccc32)CC(F)(F)C1,7.9
CC(NC(=O)c1cc(Cl)cn1C)c1ccc(OCC(=O)O)cc1,7.9
N#Cc1ccc(OC2CCN(C(=O)[C@@H]3C[C@H]4CC[C@@H]3O4)C2)nc1,7.7
CC(N1CCN(C(=O)c2c(O)cnc3ccccc23)CC1)C(F)(F)F,7.4
O=C(CNCC1CCC1)Nc1cccc(F)c1,7.4
CCCOc1cccc(C(=O)NC2CCN(C3CC3)C2)c1,7.2
NC(=O)N1CCC[C@H]1C(=O)N[C@H]1[C@@H]2CN(Cc3ccccc3)C[C@@H]21,8.9
CN(CCCNC(=O)C(C)(C)S(=O)(=O)c1ccc(Cl)cc1)c1ccccc1,8.1
COC(C)CS(=O)(=O)Nc1ccc(C(=O)O)cc1C,7.0
Cn1cc(-n2cc(CN3CCC(O)CC3)nn2)cn1,6.4
CCOc1nc(C)ccc1C(=O)NCC1(N2CCCCC2)CCOCC1,7.0
CC(=O)NC(C(=O)N1CCCC(CCC(=O)O)C1)C1CCCC1,7.4
Cc1nc(C2CCCN(C(=O)C(C)c3c(C)nn(C)c3C)C2)no1,6.8
CCn1c([C@@H]2C[C@H](OC)CN2CC(=O)N2CCC2)n[nH]c1=O,5.7
CCc1ncc(S(=O)(=O)N2CCC(c3nccn3C)C2)s1,6.7
O=C(O)C1CCCN1C(=O)CCc1nc2cc(C(F)(F)F)ccc2s1,8.8
O=C(NCC(C(=O)O)c1ccc(F)cc1)C1COc2ccccc2C1,9.1
N#Cc1cccnc1NC[C@@H]1C[C@H](F)CN1Cc1cncnc1,7.8
CN(C(=O)C1CCCCCC1)C(Cc1ccccc1)C(=O)O,8.3
Cc1ccc(NC(=O)CN2CCNC(=O)CC2(C)C)cc1F,7.4
Cc1nc(C2CN(c3cc(C(C)C)ncn3)C2)n[nH]1,6.6
O=C(CN1CCCCC(O)C1=O)N1CCN(c2ccccc2)CC1,7.8
Cn1nc2c(cc1=O)CN(C(=O)c1cccc(-n3cccc3)c1)CC2,8.5
c1nc(NCc2ccc3c(c2)OCCCO3)cc(N2CCCC2)n1,8.6
COCC1CN(Cc2nnc(C)n2C)CC(C)(C)O1,5.6
Cc1ccnc(N2C[C@@H](C)[C@H](CS(N)(=O)=O)C2)n1,6.3
Cc1cc(C(=O)N2CCCC(S(=O)(=O)NC3CCCC3)C2)cnn1,7.7
Cn1cccc1C(=O)N1CCC(C(=O)Nc2nncs2)CC1,7.0
CCc1nc(CN2CCOCC2c2c(C)nn(-c3ccccc3)c2C)n[nH]1,7.6
C[C@H](O)CNC(=O)C1CCCN(C(=O)c2ccc3[nH]ncc3c2)C1,8.9
CN(C)[C@@H]1CCC[C@H]1NC(=O)Cc1c[nH]c2ccc(Cl)cc12,7.6
CC1(C(=O)O)CCN(C(=O)C2SCCc3sccc32)C1,6.5
Cc1ccc(C(=O)N2CCC(c3ncc(C)s3)CC2)c(O)c1,7.1
COCC(C)=CCn1c(-c2ncccn2)noc1=O,6.8
CN(C)c1ccnc(C(=O)NC(C)(C)CN2CCOCC2)c1,6.2
CCNc1cc2c(nn1)CCN(C(=O)C(C)n1cccn1)C2,7.0
CC(C)N(C)CC(=O)NCc1ccn(C)n1,5.2
Cn1ccnc1[C@@H]1[C@@H](C(=O)NCc2ccco2)CCC(=O)N1C1CC1,6.9
Cc1nc(C(NC(=O)Nc2cccc(Cl)c2N(C)C)c2ccccc2)n[nH]1,7.9
CN(CC(=O)O)S(=O)(=O)c1ccc2c(c1)C(=O)CCO2,7.5
CCNC(=O)c1cccc(CNC(=O)c2ccc3c(c2)CCC(=O)N3C)c1,8.6
OC[C@@H]1COc2ccccc2[C@@H]1NCc1cc(O)ccc1Cl,9.2
CCc1noc(COC2CN(C(=O)[C@@H]3CC=CC[C@H]3C)C2)n1,7.5
Nc1nnc(SCc2ccc(F)cc2F)[nH]1,7.3
c1cn2cnnc2c(N[C@H]2CCO[C@@H]2c2cnn(CC3CC3)c2)n1,8.3
O=C(c1cc(C2CC2)[nH]n1)N1CC(O)CC1c1ccc(F)cc1,7.3
O=C(Nc1ccc2[nH]ncc2c1)C1CCN(Cc2ccccc2)CC1,9.0
COCC1CN(C(=O)CN2C(=O)NC(=O)C2(C)C)CCO1,5.7
CS(=O)(=O)c1ccc(C(=O)NCCCn2cncn2)cc1,7.6
CC1(C)CN(C(=O)Nc2ccc(C(F)(F)F)nn2)C1c1cccnc1,7.5
CC1(C)CN(C(=O)CCNC(N)=O)CCN1Cc1ccccc1,7.5
Cn1cnnc1CC1CCN(CCC(=O)Nc2cccc(F)c2)CC1,8.0
O=C(Cc1cc2ccccc2[nH]c1=O)N1CCOCC1CC1CC1,9.0
CC(C)C(=O)Nc1ccc(Oc2ncnc3ccsc23)cc1,7.2
Cc1cc(CN2CCC(N(C)CC(O)Cn3cccn3)CC2)on1,7.2
COc1ccc(C(=O)N[C@@H](C)c2ccc(F)cc2F)c(OC(F)F)c1,8.3
Cc1cc(NC(=O)C(C)N(C)Cc2ccc(S(C)=O)cc2)on1,7.3
Cc1ncc(C(=O)N[C@H]2[C@@H]3CC[C@@H](C3)[C@H]2C(=O)O)c(C)n1,6.7
Cc1noc([C@H]2CN(C(=O)c3cc(C(C)C)no3)C[C@@H](C)O2)n1,7.0
Cc1ccc(S(C)(=O)=O)cc1S(=O)(=O)N(C)C(c1ccccc1)c1ccc(F)cc1,9.5
Cc1cccc(C2CCCN2CC(O)CC2(O)CCOCC2)c1C,7.4
O=C(NCc1ccn(C2CCCC2)n1)N1CCCCCC1c1ccco1,7.9
Cc1nc(CC(=O)Nc2nc3c(s2)CCCCCC3)c(C)s1,7.9
CC1COC(c2ccccc2)CN1C(=O)CCc1ccc(C(=O)O)cc1,8.7
CC(C)(C)n1nccc1NC(=O)NC[C@]1(c2ccccc2)C[C@H](O)C1,7.7
CO[C@@H]1C[C@@H](COc2cccnc2)N(CC(=O)NCc2ccccc2)C1,8.1
Cc1cc(S(=O)(=O)N[C@@H](C)C(=O)O)ccc1F,7.3
Cc1noc(C)c1-c1noc([C@@H]2[C@@H](C)OCC(=O)N2Cc2ccccc2)n1,8.6
COCc1ccccc1C(=O)N1CCCC(O)(CC(N)=O)C1,7.5
Cc1nnc2n1CCN(C(=O)Nc1cccc(C(=O)NC(C)(C)C)c1)C2,8.3
O=C(O)c1cn(C2CCCN(C(=O)Cc3ccc4c(c3)OCCO4)C2)nn1,9.0
O=C(O)c1cccc(C(=O)Nc2cccc(C(=O)N3CCCC3)c2)c1,8.8
CN1CCCN(C(=O)Cc2cccc(C(=O)O)c2)CC1,8.3
COCc1csc(C(=O)Nc2cnn(CC(=O)O)c2)c1,6.2
O=C(Nc1cc(F)ccc1F)C1CCCN1C(=O)Cc1ccccc1,8.9
COCCS(=O)(=O)c1ccc(C(=O)N2Cc3ccccc3CC2C)cc1,8.7
COc1ccc(C)cc1S(=O)(=O)N1CCOCC1CC(=O)O,6.4
O=C(NCC1CCCCC1C(F)(F)F)c1ccn2nnnc2c1,8.8
O=C(O)C1CCN(C(=O)C2CCCO2)c2ccccc21,8.4
CO[C@@H]1C[C@@H](CO)N(CCc2nc3ccccc3c(=O)[nH]2)C1,7.4
CC(Cc1ccc(NC(=O)CN2CCCCCCC2=O)cc1)C(=O)O,8.3
CO[C@H]1C[C@H](c2nnc(C)o2)N(C(=O)C(C(C)C)N2CCCCC2)C1,6.9
CO[C@@H]1CCC[C@H]1NC(=O)c1cccc(OCC(=O)O)c1,7.3
CCC(NC(=O)Cc1cccc(C(=O)O)c1)c1c(C)nn(C)c1C,7.4
O=C(Cc1ccc(-n2ccnc2)cc1)N1C[C@H]2CS(=O)(=O)C[C@H]2C1,8.7
CCCNC(=O)c1cccc(CNC(C)c2ccn(C)n2)c1,7.1
O=C(O)C1CN(C(=O)CCCCCc2cccs2)CCO1,6.6
Cc1cc(F)cc(NC2CCNC2=O)c1,6.9
Cc1cc(C(=O)NC(C)c2ccc(OCC(=O)O)cc2)ncn1,7.4
COC(C)(C(=O)O)C(=O)Nc1cccc(Nc2cnn(C)c2)c1,7.3
O=C(NCC(=O)N1CCCCC1CN1CCOCC1)c1cccc(Cl)c1,8.2
O=C(Nc1ccc2nncn2c1)C1CCCN1C(=O)Cc1ccccc1,8.7
Cc1cccc(NC(=O)N(C)CCN)c1F,6.4
Cc1cc(C(=O)N2CCOC(CN)C2)ccc1F,8.1
CC(C(=O)NCc1ccc(C(=O)O)cc1)N1CCOc2ccccc2C1,8.9
O=C(c1cccc(-c2ncn[nH]2)c1)N1CCCC(O)CC1,9.1
CC1CN(C(=O)NCC(=O)N2CCCCC2)CCN1c1ccccc1,8.5
Cc1ccnc(NC(=O)CSCc2ccc(Cl)cc2Cl)c1,7.5
Cc1noc(C(C)NC(=O)Nc2ccnn2C)n1,6.6
CC[C@@H]1OCC[C@H]1NC(=O)NC(C)c1nnnn1C,6.3
CCc1ccc(C(=O)N2CCOCC2CC(=O)O)s1,6.6
CCOC1CC(CC(=O)Nc2cc(Cl)ccc2-c2nnn[nH]2)C1,8.2
Cc1nsc(N2CCN(Cc3cn(C)nc3C3CCCC3)CC2)n1,7.8
Cc1cc(C)n(C2CCCN(C(=O)CN3CSCC3=O)C2)n1,6.6
Cc1ccc(C(=O)NC[C@H]2C[C@@H]2c2ccccc2)n1C,7.8
CC(C)NC(=O)c1cnn2c1CC(CNc1ncnc3c1CCCCC3)CC2,8.6
CNC(=O)C1CCCCN1C(=O)c1cc(Cl)c2c(c1)OCCCO2,7.6
CCn1cnc2c(c1=O)CCN(C(=O)C(C)(C)Cc1ccccc1)C2,8.1
CCn1c(CN2CCCC2C(=O)O)nc2c(F)cccc21,7.1
CCN(C)C(=O)c1cccc(NC(=O)NCc2nnn(C(C)(C)C)n2)c1,7.9
Cc1c([C@@H]2[C@@H](CNC(=O)c3ccnc4ccnn34)CC(=O)N2C)cnn1C,7.1
Cn1cnc(-c2ccc(NC(=O)N(Cc3ccccc3F)C3CC3)cc2)n1,7.6
Cc1cscc1NC(=O)NC[C@]1(c2ccccc2)C[C@H](O)C1,7.8
Cc1nc(C2CCCN(Cc3nc(C(=O)O)cs3)C2)sc1C,7.2
COCCN1CN(C(=O)Nc2cn(C)nc2C(F)(F)F)CC1=O,6.5
Cc1nn(C(F)F)c(C)c1CC(=O)N1CCNCC1c1ccncc1,8.1
CC1(C(=O)Nc2cccc3c2OCCCO3)CCNC(=O)C1,7.3
Cn1ccnc1[C@@H]1[C@@H](c2nc(-c3ccc(F)cc3F)no2)CCC(=O)N1C1CC1,8.2
Cn1nc(C2CC2)cc1S(=O)(=O)N1CC(N)C2(CCC2)C1,7.1
COc1ccc(NC(=O)N2C[C@@H](O)[C@H](n3ccnn3)C2)cn1,7.4
CC1CN(C(=O)c2csc(Cc3cccc(F)c3)n2)CCO1,7.6
O=C(C1CC12CCOCC2)N1CCC(c2nc(-c3ccccc3)n[nH]2)CC1,8.9
Cn1cc([C@@H]2CN(C(=O)c3ccc(-n4cccc4)cc3)C[C@H]2CO)cn1,7.9
Cc1ncccc1NC(=O)CN1CCNCC1=O,7.0
O=C(O)C1CN(C(=O)c2ccc(Cl)cn2)CCO1,6.5
COc1ccc2c(c1)OCC(C(=O)N1CCC(OCC(C)C)CC1)C2,7.3
COCC1(O)CCN(C(=O)NC(C)c2ccccn2)CC1,6.8
Cc1cc(C#N)nc(N2C[C@@H](C)[C@H](C(=O)N3CCOCC3)C2)n1,7.0
O=C(Nc1cnn(CC2CCCO2)c1)N1CCN(C(=O)c2ccco2)CC1,8.1
COc1cnccc1C(C)NC(=O)N1CCC(c2noc3cc(F)ccc23)CC1,8.6
Cc1ncccc1CNC(=O)Nc1ccn(CCN2CCOCC2)n1,8.1
Cc1cc(C)n(Cc2cccc(-c3noc([C@H](C)N(C)C)n3)c2)n1,7.9
Cc1ccc(CN(C(=O)CC2Sc3ccccc3NC2=O)C2CC2)cc1C,8.7
COc1ccccc1-c1ccnc(C2CCN(Cc3nc4c(s3)CNCC4)CC2)n1,8.8
CCn1cc(O[C@@H]2CN(Cc3cccnc3N)C[C@H]2O)cn1,7.1
Cc1cc(NC(=O)CCN2CC(Cc3ccccc3)C2)no1,8.3
Cn1c(=O)c(CSc2n[nH]c(=O)n2CC2CCCO2)cc2ccccc21,8.2
O=C(c1ccc(Cl)s1)N1CCCC(c2n[nH]c(=O)o2)C1,7.7
N#Cc1ncccc1NCC1CCCN(c2nccn3cnnc23)C1,8.6
COc1ccc(S(=O)(=O)NC2CCOC(C(C)C)C2)cc1Cl,7.0
CN(C)C(=O)c1cc(NC(=O)N2CCN(c3cnccn3)CC2)ccn1,6.7
Cc1csc(N2CCN(CCCS(C)(=O)=O)CC2)n1,5.8
Cc1n[nH]c(C)c1C1CCCN1C(=O)c1oc2c(C)cccc2c1C,8.5
O=C(O)c1ccccc1CC1CCN(C(=O)CCC2CCOC2)CC1,9.0
CC1CN(Cc2ccccc2)CCN1C(=O)CCC(=O)NC1CCCC1,7.7
CO[C@H]1C[C@@H](C(=O)Nc2nnc(-c3ccccn3)[nH]2)N(C)C1,6.9
CC1CCN(C(=O)Nc2cccn(CC(F)(F)F)c2=O)CC1(C)C,7.5
O=C(N[C@H]1c2ccccc2C[C@H]1O)C1(Cc2ccccc2)CCOCC1,9.3
Cc1nc(C(=O)N2Cc3ccccc3C[C@H]2C(N)=O)sc1C,7.5
CC1(C2(NC(=O)Cn3cnnn3)CC2)CC1,6.4
CC1CC(=O)NCCN1c1ncnc2scc(-c3ccc(Cl)cc3)c12,7.4
Cc1nc(CN2CCN(C(=O)Cc3ccc(F)cc3Cl)CC2)n[nH]1,7.6
COCCn1c(NC(=O)C2CCC(O)CC2)nc2ccccc21,7.4
CC(C)(CNC(=O)COc1ccc2ccccc2c1)NS(C)(=O)=O,7.9
CCn1ccnc1[C@@H]1OCCC[C@H]1NC(=O)c1ccc(OC)cc1C,7.0
COc1cccc2c1CCN(Cc1ncccc1C(=O)O)C2,7.9
COc1nscc1CN(C)c1ncnc2sc(C)c(C)c12,6.4
CCOCC(=O)N1CCOc2ccccc2C1C(=O)O,6.5
O=C(c1cc(O)ccn1)N1CCCC(Cc2ccccc2)C1,8.3
CCN1C(=O)C[C@H](C(=O)N(C)Cc2nc(C)no2)[C@H]1c1nccn1C,7.3
CC(C#N)CN(C)c1ncnc(N(C)CC(C)C#N)c1[N+](=O)[O-],5.5
O=C(NCc1cccc(N2CCOCC2)n1)N1CCC[C@H](O)C1,7.7
Cn1ncnc1C1COCCN1Cc1csc(-c2ccccn2)n1,7.9
COc1cccn2ncc(C(=O)N3C[C@@H]4CC[C@]4(N)C3)c12,6.8
O=C(c1c(O)cc(F)cc1F)N1CCCC(c2ccn[nH]2)C1,7.7
CCc1ccccc1C(=O)NC[C@H]1C[C@H](c2nn(C)c(=O)n2C)C[C@H]1O,8.0
O=C(O)c1cccc(C(=O)Nc2ccccc2CN2CCOCC2)c1,9.8
COc1cc(-c2noc(Cn3cnc(C)c(C)c3=O)n2)ccc1OC(F)F,7.7
CCCC(=O)N1CCCC(C(=O)Nc2nc(C(F)(F)F)cs2)C1,7.1
CC(C)c1noc(C(NC(=O)NCc2ccn(C)c2)C2CCOCC2)n1,7.6
CC(=O)N1CCC(C(=O)N2CC(n3cccn3)Cc3ccccc32)C1,8.4
Cn1cc(CN2CCCN(C(=O)c3csc(-c4cnn(C)c4)n3)CC2)cn1,7.4
O=C(c1ccncc1Cl)N1CCC(Nc2cccnn2)CC1,7.5
CCc1ncc(CNC(=O)[C@H]2CCC(=O)N(CC)[C@@H]2c2nccn2C)o1,6.4
CC(C)CC(=O)N1CCCC(c2cc(N3CCNCC3)[nH]n2)C1,7.4
CC(OCC1CCCCO1)C(=O)N1CCCC(C)C1CN,5.9
O=C1C[C@@H](C(=O)N2Cc3ncccc3N3CCC[C@H]3C2)NC(=O)N1,6.8
O=C(NCc1nc2ccccc2n1C1CC1)N1CCOCC2(CCC2)C1,8.4
Cc1cnn(C2CCCN(C(=O)Nc3ccnn3C(C)C3CC3)C2)c1,6.1
Cc1cc(CN[C@@H]2CC(=O)N(C)[C@H]2c2ccnn2C)on1,6.3
CC(C)CN1CCC(NC(=O)CCc2cncs2)CC1,6.1
CC(N)CC(=O)NC1CC(=O)N(c2ccc(Oc3ccccc3)cc2)C1,7.7
O=C(c1ccsc1C(F)F)N1CCC(Nc2cccnn2)CC1,7.4
CCn1nccc1[C@@H]1OCCC[C@H]1CN1CCc2n[nH]c(=O)cc2C1,8.3
COCC1(C(=O)O)CCN(C(=O)c2cccc(OC)c2F)C1,7.2
O=C(O)CCC1CCCCN1C(=O)COc1ccc(F)cc1F,8.4
O=C(c1cccc(C(F)(F)F)c1)N1CCN(Cc2c[nH]cn2)CC1,8.4
NC1CC(NC(=O)C2CCC=CCC2)C12CCC2,7.3
CO[C@@H]1C[C@@H](c2ncn[nH]2)N(C(=O)c2cccc3c2CCOC3)C1,7.6
Cc1cc(C2CCCN(C(=O)c3ccc(OCC4CC4)cc3)C2)n[nH]1,8.2
CCc1nc(CNC(=O)N2CCCC(N3CCCS3(=O)=O)C2)cs1,7.2
CSC1CCN(C(=O)c2ccn(C3CCCNC3)n2)CC1,6.3
COCc1noc(CN2CCc3nnc(OC)cc3C2)n1,7.2
O=C(O)C1CCCCN1S(=O)(=O)c1cc(Cl)cc(C(F)(F)F)c1,7.8
NC(=O)COc1ccccc1C(=O)N1CCC(n2ccnc2)CC1,7.4
CCC(Oc1cccc(C)c1)C(=O)N1CCCC1C(=O)O,7.1
O=C(Cn1cnnn1)NCC(c1ccc(Cl)cc1)n1ccnc1,8.0
Cc1nc(Nc2ccccc2)cc(N2CCC(CC(N)=O)CC2)n1,8.1
NC(=O)c1cc(C2CCCN(C(=O)CCc3cccs3)C2)n[nH]1,7.9
CCn1nc(C)cc1C(=O)Nc1ccc(OC(C)C(=O)O)c(F)c1,7.1
CC(NCCC1CCN(C)CC1)c1ncc(-c2ccccc2)o1,8.2
COC(=O)c1ccc(NC(=O)N[C@@H]2C[C@@H](C)Oc3ccccc32)cc1OC,7.6
Cc1oc(-c2cnn(C)c2)nc1C(=O)N1CCNCC1c1cccnc1,7.5
CC(C)(C)n1ncc2c(NCc3noc4cc(F)ccc34)ncnc21,7.7
Cc1cc(F)c(CNc2nc3c(cnn3C(C)(C)C)c(=O)[nH]2)c(F)c1,7.0
O=C(CC1(n2cnnn2)CCOCC1)Nc1ccc(F)c(C2CC2)c1,9.1
CC(C)(C)n1ncc2c(=O)[nH]c(NCc3cccc4[nH]ccc34)nc21,7.7
Cn1ccnc1SCc1ccc(C(=O)Nc2cccc(F)c2F)o1,8.2
CC(C)(C)n1ncnc1CNC(=O)N1CCc2c(F)ccc(F)c2C1,7.8
Cc1nn(C(C)(C)C)c2nc(C3CC3)cc(C(=O)N3CCC(C)(C(=O)O)C3)c12,7.8
CCOCC1CCN(C(=O)c2cc(C3CC3)nc3c2c(C)nn3C(C)(C)C)C1,8.1
CC(C)(C)n1ncc2c(NCCc3cc[nH]n3)ncnc21,6.6
CCNc1cc(CNc2ncnc3c2cnn3C(C)(C)C)ccn1,7.3
CC(C)(C)n1ncnc1CNC(=O)NC1CCc2cc(F)ccc21,8.1
CC(C)(C)n1ncc2c(=O)[nH]c(NCc3nc(C(N)=O)cs3)nc21,7.0
CC(C)(C)n1ncc2c(NCCc3ccnc(N)c3)ncnc21,7.2
CC(C)(C)n1nc(C(=O)Nc2cccnc2C2CC2)cc1C1CC1,6.9
COc1ccc(Cl)c2c1CCCC2NCc1nnn(C(C)(C)C)n1,7.8
CC(C)(C)n1ncc2c(NCc3nc(C(N)=O)cs3)ncnc21,7.2
CC(C)(C)n1ncc2c(NCCc3ccc[nH]3)ncnc21,6.8
CC(C)(C)n1ncnc1CNC(=O)NC1CCc2c(Cl)cccc21,7.5
Cc1cc(F)c(C(=O)Nc2cnn(C(C)(C)C(=O)O)c2)cc1F,7.9
Cc1noc2cc(NC(=O)c3ncn(C(C)(C)C)n3)ccc12,7.4
Cc1ccc(NC(=O)c2ccc(CSc3nccn3C)o2)c(O)c1,7.5
CC(C)(C)n1cnc(C(=O)NC(C(=O)O)c2ccc(Cl)c(F)c2)n1,7.9
CC(C)c1cc(NC(=O)c2ccc(CSc3nccn3C)o2)[nH]n1,7.1
CC(C)(C)n1ncc2c(NCc3ccc[nH]c3=O)ncnc21,7.6
CC(C)(C)n1ncc2c(NCc3ccon3)ncnc21,6.7
Cc1nc2c(CCNC(=O)Nc3ccnn3C(C)(C)C)cccc2o1,7.0
CC(C)(C)n1ncc2c(=O)[nH]c(NCc3cscc3Cl)nc21,6.5
Cc1cc(C(NC(=O)c2ncn(C(C)(C)C)n2)C(=O)O)ccc1F,7.7
CC(C)(C)n1nc(C(=O)Nc2ncccc2O)cc1C1CC1,6.7
Cc1nn(C(C)(C)C)cc1C(=O)NC(C)c1ccc2c(c1)CC(=O)N2,8.4
Cc1conc1CNc1ncnc2c1cnn2C(C)(C)C,6.7
Cc1ccoc1CNC(=O)N1CCCC(c2cncn2C(C)(C)C)C1,6.8
CC(C)(C(=O)O)n1cc(NC(=O)c2ccc3[nH]nnc3c2)cn1,8.0
Cc1nc([C@H]2CCCN2C(=O)Nc2nc3ccsc3s2)cs1,7.2
Cc1nccc(C(=O)Nc2ccn(C(C)(C)C(=O)O)n2)n1,6.8
CC(C)(C)n1cc(C2N(C(=O)c3ccsc3Cl)CC23CCOCC3)cn1,7.2
Cc1nn(C(C)(C)C)cc1C(=O)NCc1cccc(CO)n1,6.9
COc1c(F)ccc(F)c1C(=O)Nc1cnn(C(C)(C)C(=O)O)c1,6.9
Cc1cc(NC(=O)c2cc(C(C)C)n(C(C)(C)C)n2)nc(C(C)C)n1,6.4
CC(C)Cn1cc(C(=O)Nc2cnn(C(C)(C)C(=O)O)c2)cn1,6.9
CCn1nc(C(=O)Nc2ccn(C(C)(C)C(=O)O)n2)ccc1=O,7.2
Cc1cc(C)c(CC(=O)Nc2cnn(C(C)(C)C(=O)O)c2)c(C)c1,7.2
CC(C)(C)n1cc(NC(=O)N2CCCC(c3ccnc(N)n3)C2)cn1,7.9
CC(C)(C(=O)O)n1cc(NC(=O)COc2ccc(F)cc2Cl)cn1,7.6
Cc1nccc(CCC(=O)N2CC3(CCOCC3)C2c2cnn(C(C)(C)C)c2)n1,8.1
CN1C(=O)C[C@@H](CNC(=O)c2cnn(C(C)(C)C)c2)[C@@H]1c1nccn1C,6.9
Cn1cnc2cc(C(=O)Nc3cnn(C(C)(C)C(=O)O)c3)ccc21,7.8
COCc1ccc(C(=O)Nc2cnn(C(C)(C)C(=O)O)c2)o1,6.6
CC(=O)Nc1ccc(F)c(C(=O)Nc2cnn(C(C)(C)C(=O)O)c2)c1,7.5
CCn1c(SCc2cc(OC)no2)nnc1-c1ccco1,6.5
Cc1[nH]ccc1C(=O)NCc1ncnn1C(C)(C)C,6.4
Cc1cc(C)c2c(c1)CN(C(=O)NCc1ncnn1C(C)(C)C)CC2,7.7
Cc1cc(C(=O)Nc2ccn(C(C)(C)C(=O)O)n2)c2c(C)nn(C)c2n1,7.6
CC(C)(C(=O)O)n1cc(NC(=O)c2ccc(Cl)cc2F)cn1,7.7
CC(C)c1ncncc1C(=O)Nc1cnn(C(C)(C)C(=O)O)c1,6.8
NS(=O)(=O)c1cc2cc(C(=O)NCCCC(=O)O)sc2s1,7.3
CO[C@H]1C[C@H](c2nc(C)no2)N(C(=O)Nc2cnn(C(C)(C)C)c2)C1,6.6
Cc1nn(C(C)(C)C)cc1C(=O)NCCCc1nnc2n1CCCCC2,8.1
CCNS(=O)(=O)C1CCN(C(=O)Nc2cnn(C(C)(C)C)c2)C1,6.4
CC(C)(C)n1ncnc1CNC(=O)c1ccc[nH]1,6.2
CO[C@@H]1C[C@H](c2nc(C)no2)N(C(=O)c2cc(C)n(C(C)(C)C)n2)C1,6.5
CC(=O)NC(c1nc(-c2cnn(C(C)(C)C)c2)no1)C1CCCC1,7.4
COc1ccc(C(=O)Nc2cnn(C(C)(C)C(=O)O)c2)c(OC)c1,7.1
CC(C)(C)n1nc(C(=O)N2CCC(O)(C(F)F)CC2)cc1C1CC1,6.6
CC(C)(C)n1cc(CNC(=O)N2CCC[C@H]2C(F)F)c(=O)[nH]c1=O,7.3
CC(C)(C)n1cc(C(=O)N2CCn3c(nn(CC(F)F)c3=O)C2)nn1,7.6
NS(=O)(=O)c1cc2cc(C(=O)NC3(C(=O)O)CC3)sc2s1,7.2
Cc1ccc(C)c2c(C)c(C(=O)NCCC(C)(C)CO)oc12,7.2
Cc1noc(C2(NC(=O)Nc3ncn(C(C)(C)C)n3)CCOCC2)n1,7.3
Cc1nnc2ccc(C(=O)N3CCN(CC(O)C(C)(C)C)CC3)cn12,7.1
CC(C)C(C)(O)CNC(=O)c1cnc2c(c1)c(=O)[nH]c(=O)n2C,7.4
Cc1cc(NC(=O)CN2CCC(c3ncco3)CC2)n(C(C)(C)C)n1,7.0
CC(C)(C(=O)O)n1ccc(NC(=O)CCc2cccs2)n1,6.8
Cc1ccc(C)c2c(C)c(C(=O)NCC(C)(CO)CO)oc12,7.2
CC(C)(C)C(O)CN1CCN(C(=O)c2cc(F)cc3[nH]cnc23)CC1,7.1
CC(C)(C(=O)O)n1ccc(NC(=O)CCn2ccccc2=O)n1,7.0
CC(C)(C)n1cnc(C(=O)Nc2cnn(CCN3CCCCC3)c2)n1,7.0
CC(C)(C)c1ncc(C(=O)NC(C)(C)C(O)C(F)(F)F)cn1,6.0
Cc1nc2c(n1CCO)CCC(NC(=O)c1ncn(C(C)(C)C)n1)C2,6.5
CC(C)CC(NC(=O)C1(n2cnnn2)CCCCC1)c1nnn[nH]1,7.4
CC(C)C(O)CN1CCN(c2ccc(F)cc2C(N)=O)CC1,6.8
COCCN1C(=O)CCC(C(=O)O)C1c1cnn(C(C)(C)C)c1,6.0
Cc1csc(N2CCN(C(=O)Nc3cnn(C(C)(C)C)c3)CC2)n1,6.1
Cc1cc(NC(=O)c2cc(C(C)C)n(C(C)(C)C)n2)[nH]n1,6.0
CO[C@@H]1C[C@@H](c2nc(C3CC3)n[nH]2)N(C(=O)c2cn(C(C)(C)C)nn2)C1,7.1
CCSCc1cc(C(=O)N[C@@H]2CCO[C@H]2c2cc[nH]n2)no1,6.5
CCSCc1cc(C(=O)N2CCC[C@@H]2Cn2ccnc2CC)no1,6.7
Cc1nn(C(C)(C)C)cc1C(=O)N1CCCCC1c1ncon1,7.2
CC(C)(C)n1cc(CNC(=O)NCC2CCC2)c(=O)[nH]c1=O,7.0
CC(C)(C)n1cc(C(=O)NC2CC(N(CC(=O)O)CC3CC3)C2)cn1,6.6
CC(C)(C)n1cc(CNC(=O)NC2CC3CC3C2)c(=O)[nH]c1=O,7.1
CCC1CCCC1NC(=O)NCc1cn(C(C)(C)C)c(=O)[nH]c1=O,7.5
Cc1nc(C(C)(C)NC(=O)Nc2cnn(C(C)(C)C)c2)no1,6.1
CC(C)(C)n1nnnc1CN[C@@H]1CCC[C@@H]1N1CCC(O)C1,6.6
CC(C)(C)C1CCc2c(sc(NC(=O)c3nnn(C(C)(C)C)n3)c2C#N)C1,6.6
C=CCn1cc(C(=O)N2CC3(CCOCC3)C2c2cnn(C(C)(C)C)c2)nn1,8.3
CO[C@H]1C[C@H](c2nnc(C)o2)N(C(=O)c2cc(C(C)C)n(C(C)(C)C)n2)C1,6.7
CO[C@@H]1C[C@H](c2nnc(C)o2)N(C(=O)c2cc(C(C)C)n(C(C)(C)C)n2)C1,6.1
Cc1cc(CNC(=O)N2CCCC(c3cncn3C(C)(C)C)C2)on1,7.1
Cn1nc(CNC(=O)Nc2ccnn2C(C)(C)C)cc1C1CC1,6.6
CC(C)(C)n1cncc1C1CCCN(C(=O)NCC2=CCCCC2)C1,7.1
CC(C)(C)n1nccc1NC(=O)N[C@@H]1CCC(=O)N[C@H]1C1CCCO1,6.8
Cc1cc(NC(=O)Cn2cnc(C(C)(C)C)n2)n(C(C)(C)C)n1,6.1
CC(C(=O)Nc1ccn(C(C)(C)C(=O)O)n1)c1cccs1,6.7
CC(C)[C@H](O)C(=O)N1CC(N2CC(c3nc(C4CC4)no3)CC2=O)C1,7.2
CC(C)(NC(=O)c1cc2cc(S(N)(=O)=O)sc2s1)C(=O)O,6.5
COc1ccc(NC(=O)C(C)(C)C(=O)O)cc1-n1nnnc1C1CC1,7.7
Cc1ccn2ncc(C(=O)NCC(C)(C)C3(O)CCOCC3)c2n1,7.8
CC(C)(C)n1ncc2c1CCCC2NC(=O)COC1CCCCC1,8.1
CC(C)n1ccc(C(=O)Nc2ccn(C(C)(C)C(=O)O)n2)n1,6.5
CC(C)(C)n1nc(C(=O)N2CCC(C(=O)O)CC2)cc1C1CC1,6.9
Cc1noc(CNC(=O)Nc2cc(C(C)(C)C)nn2C(C)(C)C)n1,7.3
CC(C)(C)n1cc(NC(=O)N2CCS(=O)(=O)CC2)cn1,6.2
Cc1nccn1CC(=O)N1CC2(CCOCC2)C1c1cnn(C(C)(C)C)c1,8.2
CC(C)(C)n1nc(C(=O)N2CCC(C(N)=O)CC2)cc1C1CC1,6.8
Cn1cnnc1[C@@H]1C[C@@H](O)[C@@H](CNC(=O)c2cnn(C(C)(C)C)c2)C1,7.1
CCc1c(C(=O)N2CCCN(C3CCCC3)CC2)cnn1C(C)(C)C,6.9
CC(C)(C(=O)O)n1cc(NC(=O)CN2CCCCCCC2=O)cn1,6.8
CC(C)(C(=O)O)n1ccc(NC(=O)Cc2ccc3c(c2)CCO3)n1,8.1
CCc1c(C(=O)N[C@H]2CCCNC2=O)cnn1C(C)(C)C,6.0
Cc1c(CC(=O)N2CC3(CCOCC3)C2c2cnn(C(C)(C)C)c2)cnn1C,8.0
Cc1cc(CCNC(=O)N2CCOC(C(F)(F)F)C2C)cc(C)c1O,8.3
CC(C)C(C)(O)CNC(=O)NCC1CCN(CCc2ccccc2)C1,7.8
CC(C)(O)CN1CCN(C(=O)c2cc(C3CC3)n(C(C)(C)C)n2)CC1,6.5
CC(C)(C)n1cnc(NC(=O)NC(CC2CCCO2)C(F)(F)F)n1,6.8
Cn1nccc1C1CCCCN1C(=O)NCc1ncnn1C(C)(C)C,6.7
CN(CC(=O)NC1CCCc2c1cnn2C(C)(C)C)C1CCCCC1,7.4
CC1CCCN1C(=O)NCc1cn(C(C)(C)C)c(=O)[nH]c1=O,7.3
Cc1cc(S(=O)(=O)NCC(C)(O)C(C)C)ccc1C(=O)O,7.7
Cc1c([C@@H]2[C@@H](CNC(=O)C3(n4cccn4)CC3)CC(=O)N2C)cnn1C,6.9
CC(O)CN1CCN(C(=O)c2cc(C3CC3)n(C(C)(C)C)n2)CC1,6.6
CC(C)c1nc(C2CCCCN2Cc2ncnn2C(C)(C)C)n[nH]1,6.6
Cn1cc(-c2nc(C3CCCCCN3C(=O)c3cnn(C(C)(C)C)c3)no2)cn1,7.5
Cc1nn(C(C)(C)C)cc1C(=O)N[C@H]1CCCNC1=O,6.5
CCc1cc(C(=O)Nc2cnn(C(C)(C)C(=O)O)c2)oc1CC,6.7
Cc1c(C)c2c(c(C)c1O)CCC(C)(C(=O)NCCc1ncc[nH]1)O2,7.9
Cc1cc(C(=O)N2CCCCC2CCC(=O)O)nn1C(C)(C)C,6.3
Cc1cc(NC(=O)Cn2ccnc2C(C)C)n(C(C)(C)C)n1,5.9
CO[C@@H]1C[C@@H](c2nc(C)c(C)[nH]2)N(Cc2cn(C(C)(C)C)nn2)C1,6.4
Cc1cc(C(=O)N[C@H]2COC[C@H]2Oc2cn[nH]c2)nn1C(C)(C)C,6.6
Cc1csc(NC(=O)c2cc(C(C)C)n(C(C)(C)C)n2)n1,5.9
Cc1cc(CCNC(=O)[C@H]2C[C@@H](O)CN2)cc(C)c1O,8.0
CC(C)C(C)(O)CNS(=O)(=O)c1ccc(C(=O)O)c(Cl)c1,7.4
CC(C)(NC(=O)c1ncnc2ccsc12)C(O)C(F)(F)F,7.3
Cc1nnc([C@H]2CN(Cc3nnnn3C(C)(C)C)C[C@@H](C)O2)o1,6.4
CC(C)Cn1c(=O)[nH]c(=O)c2c(C(=O)Nc3ccc(Cl)c(C(F)(F)F)c3)cc(C3CC3)nc21,8.7
Cc1cc(CCNC(=O)N2CCN3CCOCC3C2)cc(C)c1O,9.0
CCSCc1cc(C(=O)N(C)C[C@@H]2OCCN(C)[C@H]2c2cnn(C)c2)no1,6.2
CC(CNC(=O)c1ncn(C(C)(C)C)n1)C(=O)O,6.2
Cc1cc(CCNC(=O)N2CCC(N3CCOCC3)C2)cc(C)c1O,8.7
CN(C(=O)c1cn(C(C)(C)C)nn1)C1CCN(c2cnccn2)CC1,7.0
CCC1CCN(C(=O)NCc2cn(C(C)(C)C)c(=O)[nH]c2=O)C1,7.2
Cc1cc(NC(=O)Cn2ccnn2)n(C(C)(C)C)n1,6.4
O=C(O)Cc1cccc(NC(=O)CC2(n3cnnn3)CCOCC2)c1,9.2
CC(C)(C)n1cc(C(=O)N2C[C@H](n3ccnn3)[C@H](N)C2)cn1,6.3
O=C(CC1(n2cnnn2)CCOCC1)Nc1cccc(C(=O)O)c1,8.6
CC(C)(CCN1CCN(c2ncnc3sccc23)CC1)C(=O)O,6.8
CCOc1ccc2c(c1)C(C)CC(C)(C)N2C(=O)c1nnn(C(C)(C)C)n1,7.5
CC(C)(C)n1cnc(C(=O)NCC2(C(=O)O)CC2)n1,6.2
CCn1nc(C)cc1C(=O)Nc1ccn(C(C)(C)C(=O)O)n1,7.1
CC(C)(C(=O)N1CCN(Cc2ccon2)CC1)n1cccn1,6.3
CC(C)(C)n1cc(CN2CCCC(O)(CC(N)=O)C2)cn1,6.4
CC(C)[C@H](O)C(=O)N[C@@H]1C[C@H]1c1ccc(Cl)c(F)c1,7.0
Cc1cc(C)cc(C(=O)N2CCCC(C(=O)NC(C)(C)C(C)O)C2)c1,7.3
Cc1cc(C(=O)Nc2ccn(C(C)(C)C(=O)O)n2)on1,6.6
Cc1nn(C(C)(C)C)cc1C(=O)N1CCCC(n2ccnn2)C1,6.7
CCc1noc(C)c1C(=O)Nc1cnn(C(C)(C)C(=O)O)c1,6.4
Cc1cc(CCNC(=O)N2CCCC2c2cnn(C)c2)cc(C)c1O,9.0
CCc1ccc(CN2CCN(C(=O)c3cn(C(C)(C)C)nn3)CC2)s1,6.7
CC(C)(CO)CNc1ncc(S(=O)(=O)NCCO)cc1C(F)(F)F,7.3
Cc1nn(C)cc1NC(=O)C1(C)CCc2c(C)c(O)c(C)c(C)c2O1,7.4
Cc1nnc([C@H]2CN(Cc3cn(C(C)(C)C)nn3)C[C@@H](C)O2)o1,6.5
CC(C)(C)n1ncc2c(NCCc3ccoc3)ncnc21,6.7
Cc1c(C)c2c(c(C)c1O)CCC(C)(C(=O)NC1=NCC(=O)N1C)O2,7.9
CO[C@@H]1CN(C(=O)c2cn(C(C)(C)C)nc2C)C[C@H]1c1c[nH]nn1,6.9
CCCOc1ccc2c(c1)CCN(C(=O)c1cn(C(C)(C)C)nn1)C2,7.5
Cc1c(C)c2c(c(C)c1O)CCC(C)(C(=O)NC1CC(F)(F)C1)O2,7.7
CC(C)(C)c1cc(C(=O)Nc2ccn(C(C)(C)C(=O)O)n2)no1,6.9
Cc1c(C(=O)N2CCC[C@@H]2C(=O)O)cnn1C(C)(C)C,6.0
Cc1c(C(=O)N2CCCC2C(=O)O)cnn1C(C)(C)C,6.2
CCc1c(C(=O)N2CCN(C3CCC3)CC(C)C2)cnn1C(C)(C)C,6.3
CC(C)[C@@H](O)C(=O)N1CCC(c2nnc[nH]2)C1,6.0
Cc1c(C)c2c(c(C)c1O)CCC(C)(C(=O)Nc1nccn1C)O2,7.9
CC(C)(C)n1nnnc1CN(CC(=O)O)Cc1ccc(Cl)s1,6.2
CCc1ccc(NC(=O)c2cc(C(C)C)nc3c2c(=O)[nH]c(=O)n3CC(C)C)cc1Cl,7.9
Cc1n[nH]cc1CNC(=O)Nc1cc(C(C)(C)C)nn1C(C)(C)C,6.9
Cn1cnnc1CC1(O)CCCN(C(=O)c2cnn(C(C)(C)C)c2)C1,6.9
CC(C)(CO)CNc1ncc(S(=O)(=O)N2CCCC2)cc1C(F)(F)F,7.5
CC(C)(O)C(O)C(=O)NC[C@@H]1C[C@H]1c1ccc(Cl)cc1Cl,6.9
Cc1cc(C(F)(F)F)nc(NC2CC(O)C2(C)C)n1,6.4
Cc1ncc(CN2CCN(C(=O)C(C)(C)n3cccn3)CC2)s1,5.8
CC(CO)(CO)CNC(=O)NC1CCN(Cc2ccccc2)C1,7.7
CC(C)C(C)(O)CNC(=O)NC1CCCN(Cc2ccccc2)C1=O,7.4
Cc1cc(=O)[nH]c(NCC2(C(O)C(C)C)CC2)n1,6.0
CC1(C)C(O)CC1Nc1nccn2cnnc12,5.9
Cc1noc(C)c1C(=O)Nc1ccn(C(C)(C)C(=O)O)n1,6.6
Cc1ccc(CC(=O)N2CCN(CC(O)C(C)(C)C)CC2)cn1,6.5
Cc1c(C)c2c(c(C)c1O)CCC(C)(C(=O)N[C@H]1C[C@@H](CO)C1)O2,7.5
CCC(O)C(C)C(=O)N1CCCC(C(=O)NCC2CC2)C1,6.8
CC(C)(NC(=O)c1cnc2nccn2c1)C(O)C(F)(F)F,7.7
Cn1cnnc1CC1(O)CCCN(Cc2cnn(C(C)(C)C)c2)C1,6.4
CC1(C)CCCC1(O)CNC(=O)CNC(=O)c1ccc2c(c1)OCO2,8.4
CC(C)C(O)CNC(=O)c1ncc(C(F)(F)F)cc1Cl,6.3
CC(C)[C@H](O)C(=O)N1CCC(Cn2cncn2)CC1,6.3
Cc1ccc(-c2noc(-c3cccn(CC(C)C)c3=O)n2)c(=O)[nH]1,8.0
CC1(C)CN(C(=O)Cn2nc(C(F)(F)F)c3c2CCCC3)CC1O,7.6
CC(C)(C)C(O)CN1CCN(C(=O)Cc2ccc3c(c2)CCO3)CC1,7.2
CC1CN(c2nccnc2C#N)CCN1Cc1cnn(C(C)(C)C)c1,6.5
CC(CO)(CO)CNC(=O)[C@]12CNC[C@H]1CCOC2,6.2
Cc1c(C)c2c(c(C)c1O)CCC(C)(C(=O)Nc1cnns1)O2,7.6
C=C[C@H](CO)NC(=O)C1(C)CCc2c(C)c(O)c(C)c(C)c2O1,7.5
Cc1noc([C@H]2C[C@H](O)CN2C(=O)C(C)(O)C(C)C)n1,6.0
CC(C)c1nnc(COC2CN(C(=O)[C@H](O)C(C)C)C2)o1,6.4
CC(C)(C(=O)O)C1CCCN(C(=O)Cc2ccc3cn[nH]c3c2)C1,8.2
CC(C)(C)n1cnc(C(=O)N2CCC(Cc3nc4ccccc4[nH]3)CC2)n1,8.2
Cc1nnc([C@H]2CN(Cc3ncnn3C(C)(C)C)C[C@@H](C)O2)o1,6.8
CCc1ocnc1C(=O)Nc1cnn(C(C)(C)C(=O)O)c1,6.4
Cc1c(C)c2c(c(C)c1O)CCC(C)(C(=O)NCc1nccs1)O2,7.7
CC(C)(C(=O)O)n1cc(NC(=O)CS(=O)(=O)C2CCCC2)cn1,6.9
CNC(=O)C1(COC)CCCN1Cc1ncnn1C(C)(C)C,5.6
Cc1noc(C)c1C(C)C(=O)Nc1cnn(C(C)(C)C(=O)O)c1,7.5
CC(C)c1cc(C(=O)Nc2cnn(C(C)(C)C(=O)O)c2)n(C)n1,6.6
CC(C)(C)n1cc(C(=O)Nc2cnn(CC(=O)N3CCOCC3)c2)cn1,7.4
CC(C)(C(=O)O)n1ccc(NC(=O)c2ccsc2)n1,6.7
CC(C)Cn1cc(C(=O)N2CCCC(O)(Cc3nncn3C)C2)cn1,7.9
CC(C)Cn1nnc2c1CC(c1nc(CS(=O)(=O)N(C)C)no1)CC2,7.0
CC(C)c1nnc2n1CC(NC(=O)c1ccc(C(=O)O)nc1)CC2,7.8
Cc1cnn(CC(C)NCc2nc(C3CC3)no2)c1,6.4
CO[C@H]1C[C@H](c2nc(C3CC3)no2)N(S(=O)(=O)c2cn(CC(C)C)cn2)C1,7.0
CC(C)Cn1ncc(NS(=O)(=O)c2csc(C(=O)O)c2)c1C1CC1,7.0
CCOCc1nnc2n1CC(C)(C)CC2,5.8
Cc1cnn(CC(C)NCC(=O)NC2CCN(C3CC3)CC2)c1,6.2
COCc1noc(C2CCc3nnn(CC(C)C)c3C2)n1,6.6
Cc1cnn(CC(C)NCC(=O)NC(C2CC2)C2CC2)c1,6.5
Cc1cnn(CC(C)NCCC(=O)NC2CCCC2)c1,6.7
CC(C)(C)c1nnc2ccc(N[C@H]3C[C@@](C)(O)C3)nn12,6.4
Cn1nc([C@@H]2C[C@@H](O)[C@@H](CNC(=O)c3cccn3C3CC3)C2)n(C)c1=O,7.8
CC(=O)NC1(c2nc(C)no2)CCN(Cc2cnn(CC(C)C)c2)C1,7.2
CCN1CCC(NC(=O)CNC(C)Cn2cc(C)cn2)CC1,6.1
CC(C)Cn1nccc1C(=O)N1CC2(CCOCC2)CCC1CO,7.2
CC(C)Cn1cc(C(=O)NCC2CCCC(C)(C)O2)cn1,6.4
CCN1C(=O)C[C@@H](CNCc2cnn(CC(C)C)c2)[C@@H]1c1nccn1C,6.3
Cc1nc(CN2CCC(CNC(=O)c3cnn(CC(C)C)c3)CC2)oc1C,7.2
CCC(CC)n1nccc1C(=O)N1CCC(C)(C(=O)O)C1,6.3
CC(C)Cn1ncc(NC(=O)N2CC3C4C=CC(O4)C3C2)c1C1CC1,7.5
CCc1nnc(C[C@@H]2CC[C@H](Nc3cc(=O)n(C)c(=O)n3C)C2)o1,7.5
Cc1cnn(CC(C)NC(=O)NC2CCc3c(nnn3C)C2)c1,6.5
CC(C)(C)c1nnc2ccc(NC3CC(F)(F)C3)nn12,6.7
CC(C)(C)c1nnc2ccc(NC3CC3(C)C)nn12,6.8
CC(C)(C)c1nnc2ccc(NCC3CC(F)(F)C3)nn12,7.3
CC(C)Cn1ncc(NC(=O)N2CC3C4C=CC(CC4)C3C2)c1C1CC1,7.5
Cn1nc(CN2CCCCC(NC(=O)C3(C)COC3)C2=O)n(C)c1=O,6.2
CC(C)Cn1ccnc(N2CC(S(=O)(=O)NC3CCCC3)C2)c1=O,7.0
CC(C)Cn1cccc(C(=O)NC2CC(N)C23CCC3)c1=O,7.1
CC1CN(C(=O)NCc2cnc(N(C)C)n2C)CCN(C2CC2)C1,6.2
CC(C)Cn1cc(CN2CCCC2c2nc(C(N)=O)no2)cn1,8.2
CC(C)Cn1ncc(NC(=O)N2CC3CCC(O)CC3C2)c1C1CC1,7.3
CC(C)c1nnc2n1CC(NC(=O)c1ccc(=O)n(C)n1)CC2,7.3
Cc1cnn(CC(C)NCCC(=O)N2CCOCC2)c1,6.5
COC[C@@H]1C[C@H](OC)CN1S(=O)(=O)c1cn(CC(C)C)cn1,6.0
COC[C@@H]1C[C@@H](OC)CN1S(=O)(=O)c1cn(CC(C)C)cn1,6.1
CCC(CC)c1noc(C2CCc3nnn(CC(C)C)c3C2)n1,7.1
CC(C)c1nnc2n1CCN(C(=O)CCc1nc(-c3cccs3)no1)C2,8.4
CCc1nc(C2CCCCN2C(=O)Cn2nnnc2C(C)C)no1,7.5
CC(C)Cn1nnc2c1CC(c1nc(-c3ccc([N+](=O)[O-])s3)no1)CC2,8.2
Cn1ccc(CN[C@H]2CCCC[C@H]2Cc2nn(C)c(=O)n2C)cc1=O,7.9
CC(C)Cn1cccc(C(=O)NC2CC3(C2)CC3N)c1=O,7.2
CC(C)Cn1c(C2CC2)nnc1N1CCC[C@H](CN2CCOCC2)C1,7.1
CC(C)(C)Cc1nnc2n1CC(C)(C)CC2,5.9
CC(C)Cn1ncc(NC(=O)N2C[C@@H](C)C[C@@H](O)C2)c1C1CC1,6.9
CC(C)Cn1ncc(NC(=O)N2CC[C@H](O)C2)c1C1CC1,6.6
CCCn1cc(CNS(=O)(=O)N2CCCCC2)c(C)n1,6.4
CC(C)Cn1ccnc(N2CC(S(=O)(=O)N3CCOCC3)C2)c1=O,7.1
CC(C)Cn1cnc(S(=O)(=O)NCC(=O)O)c1,6.4
Cn1nc(CN2CCCCC(NC3CCOC3)C2=O)n(C)c1=O,7.5
CC(C)Cn1cnc(S(=O)(=O)N[C@H](C(=O)O)C(C)C)c1,5.7
Cn1ccc(CN(Cc2cn(C)c(=O)n(C)c2=O)C2CCNC2)n1,7.0
CC(C)Cc1nnc2n1CC(C)(C)CC2,5.9
Cc1cnc(NC2CCCCN(Cc3nn(C)c(=O)n3C)C2=O)nc1,7.7
CC(C)Cn1c(C(C)C)nnc1N1CCC[C@H](CN2CCOCC2)C1,6.3
CCCn1cc(CNS(=O)(=O)CC)c(C)n1,5.7
Cn1nc(CN2CCCCC(NC(=O)C3CC3)C2=O)n(C)c1=O,7.4
CCCC(=O)NC1CCCCN(Cc2nn(C)c(=O)n2C)C1=O,6.3
Cc1cn2c(n1)CCC(NC(=O)Cn1nc(C)ccc1=O)C2,7.5
CN1C[C@H]2CN(c3cc4c(nn3)CCN(Cc3cnc(N(C)C)n3C)C4)C[C@H]2C1,6.7
Cc1nn(Cc2cn(CC(=O)N3CCOC(C)(C)C3)nn2)c(C)c1C,7.4
CC(C)Cn1ncc(NC(=O)N2CCCN(C)CC2)c1C(F)F,6.3
CC(C)Cn1ncc(NC(=O)N2Cc3cnn(C)c3CC(C)(C)C2)c1C(F)F,6.3
CN(C)C(=O)CC1(O)CCCN(Cc2cnc(N(C)C)n2C)C1,5.9
Cn1cc(C(=O)N[C@@H]2CCCC[C@@H]2Cc2nn(C)c(=O)n2C)cn1,8.1
CCc1c(C(=O)NC2CCNC(=O)CC2)cnn1CC(C)C,6.6
CC(C)Cn1cccc(C(=O)N2CC3CCCC3(N)C2)c1=O,7.6
CN(C)[C@@H]1CN(Cc2cc(=O)n(C)c(=O)n2C)C[C@@H]1n1ccnn1,6.2
CN(C)c1ncc(CN2CCCC(O)(CC(N)=O)C2)n1C,6.3
Cc1cc(NC(=O)CCn2cnc3c2c(=O)n(C)c(=O)n3C)cs1,6.7
CC(C)c1nnc2n1CC(NC(=O)CN1CSCC1=O)CC2,6.3
CC(C)c1nnc2n1CCN(C(=O)CS(=O)(=O)C1CCCC1)C2,7.2
CC(C)Cn1cnc(S(=O)(=O)NCC(C)(O)C(=O)O)c1,6.4
Cc1c(C(=O)N[C@H]2C[C@@H](C(=O)O)C2)cnn1CC(C)C,6.6
Cc1cnn(CC2CCCCN2C(=O)Cn2nc(C)c(Cl)c2C)c1,7.2
CCc1nc2n(n1)CCCC2NS(=O)(=O)c1cn(C)c(=O)n(C)c1=O,7.0
CC[C@H]1C(=O)NCCCN1C(=O)Cn1ccnc1C(C)C,6.2
CC(C)Cn1c(CS(C)(=O)=O)nnc1N1CCC(C(C)(C)C)C1,6.2
CC(C)c1nccn1CCCS(=O)(=O)C(C)C,6.2
Cc1nn(CC(C)C)c(C)c1CCC(=O)N1CCC[C@@H]1C(=O)O,6.9
Cc1nn(CC(C)C)c(C)c1CCC(=O)N1CCCC1C(=O)O,7.1
CC(C)c1nccn1C1CCCN(C(=O)c2cccc3[nH]ncc23)C1,8.0
CNS(=O)(=O)CC(=O)N1CCCC(n2ccnc2C(C)C)C1,6.6
Cc1cc(S(=O)(=O)Nc2cnn(CC(C)C)c2C2CC2)sc1C(=O)O,7.4
CCc1c(C(=O)NC2CCN(CC)C2)cnn1CC(C)C,6.0
CC(C)c1nccn1CC(=O)N1CCN(C(=O)c2cccs2)CC1,7.2
CC(C)c1nccn1CCC(=O)N1CCNCC1c1nccn1C,6.6
Cn1cc([C@@H]2[C@@H](CNc3cc(=O)n(C)c(=O)n3C)CC(=O)N2C(C)(C)C)cn1,6.7
CC(C)c1nnc2n1CCN(Cc1noc(C3CC3)n1)C2,6.7
Cc1cnn(CC2CN(C(=O)NCc3cc(C)nn3C)CCO2)c1,6.8
CC(C)c1nccn1C1CCCN(C(=O)c2cc[nH]n2)C1,6.2
Cn1c(=O)c2c(ncn2CC2CC(F)(F)C2)n(C)c1=O,7.0
Cc1cc(C)n(CC(C)CNC(=O)C2CCN(C(N)=O)CC2)n1,7.2
Cc1cc(C)n(CC(C)CNC(=O)N2CCC(C(N)=O)CC2)n1,7.1
COc1c(CNC2CCCN(c3nccn(C)c3=O)C2)c(C)nn1C,6.9
CSCC(=O)N1CCCC(n2ccnc2C(C)C)C1,5.6
CCc1c(C(=O)N[C@H]2CCS(=O)(=O)[C@H]2C)cnn1CC(C)C,6.4
Cc1cc(C)n(CC(C)CNC(=O)C2CCC(=O)NC2)n1,7.5
CC(C)c1nnc2n1CCN(C(=O)CN1CCCCC(O)C1=O)C2,6.8
CCC(CC)n1ncc(C(=O)N2CC(CN3CCN(C)CC3)C2)c1C,6.2
Cc1oc(-c2ccco2)nc1CN1CCn2c(nnc2C(C)C)C1,7.4
CC(C)c1nc2c(n1C)CCN(c1cc(N3CCCCC3)ncn1)C2,7.6
Cc1ncncc1C(=O)N1CCCC(n2ccnc2C(C)C)C1,6.9
Cc1cn2c(n1)C(CNCc1cnc3c(C)cccn13)CCC2,7.2
COc1c(CNC[C@@H]2OCCN(C)[C@H]2c2ccnn2C)c(C)nn1C,6.2
COC(C)(C)c1noc(CCn2cnc3c2c(=O)n(C)c(=O)n3C)n1,7.2
CC(C)c1nc2c(n1C)CCN(c1ccnc(N3CCCCC3)n1)C2,8.0
CCC(CC)n1ncc(C(=O)N2CC(N3CCN(C)CC3)C2)c1C,6.4
Cn1nc(C[C@H]2CCCC[C@H]2NCc2nnc(C3CC3)o2)n(C)c1=O,8.1
Cn1c(=O)c2c(ncn2CC2CCCN(S(C)(=O)=O)C2)n(C)c1=O,7.0
Cc1c(C(=O)NCC2CC(C)(C)OC2(C)C)cnn1CC(C)C,6.4
CCn1cnnc1NC(=O)CCn1cnc2c1c(=O)n(C)c(=O)n2C,6.9
Cc1c(C(=O)NCC2CCCC(C)(C)O2)cnn1CC(C)C,6.5
CCCn1cc(NC(=O)N[C@@H]2CCO[C@H]2c2c(C)nn(C)c2C)cn1,6.8
Cn1nc([C@@H]2C[C@@H](O)[C@@H](CNc3cc4c(nn3)CCC4)C2)n(C)c1=O,8.4
CC(C)c1nncn1CCNC(=O)c1csc2c1CCCC2,7.4
Cn1ccc(C(=O)N[C@@H]2CCCC[C@@H]2Cc2nn(C)c(=O)n2C)cc1=O,8.2
Cc1[nH]ncc1C(=O)N1CCCC(n2ccnc2C(C)C)C1,6.6
Cn1nc(C[C@H]2CCCC[C@H]2NCc2nc(C3CC3)no2)n(C)c1=O,8.1
Cc1nsc(NC(=O)CCn2cnc3c2c(=O)n(C)c(=O)n3C)n1,7.2
CC(C)c1nnc(Cn2cnc3c2c(=O)n(C)c(=O)n3C)s1,6.7
Cc1c(C(=O)N(C2CC2)C2CCNC2)cnn1CC(C)C,5.9
CC(C)Cn1cc(NS(=O)(=O)c2cc(C(=O)O)cs2)c(C(F)F)n1,7.0
Cc1ccc(F)c(CNC(C)(C)c2nnc3n2CCCC3)c1,7.7
Cc1ccoc1-c1nnc(CN2CCn3c(nnc3C(C)C)C2)o1,7.7
Cn1nc(C[C@@H]2CCCC[C@@H]2NCc2nc(CC(F)(F)F)no2)n(C)c1=O,8.6
Cn1nc(C[C@H]2CCCC[C@H]2NCc2nnc3n2CCCC3)n(C)c1=O,8.2
Cc1cc(CN2CCN(C(=O)c3cnn(CC(C)C)c3C3CC3)CC2)no1,7.2
Cn1c(=O)c2c(ncn2CC2CCCOC2)n(C)c1=O,6.6
CC(C)c1nnc2n1CCN(Cc1coc(-c3cccs3)n1)C2,7.1
CC(C)c1noc(CN[C@@H]2CCCC[C@@H]2Cc2nn(C)c(=O)n2C)n1,7.9
CC(C)c1cc(C(=O)N2CC[C@@H](N)C2)nn1C,6.1
CC(C)c1cc(C(=O)N2CCCC(N)C2)nn1C,6.3
CC(C)c1nccn1C1CCCN(C(=O)c2ccc3[nH]cnc3c2)C1,7.7
CN(C)c1ncc(CNC(=O)C2CCn3c(cnc3C3CCCCC3)C2)n1C,8.3
Cc1oc(-c2ccco2)nc1CN1CCc2c(nc(C(C)C)n2C)C1,7.6
CNC(=O)c1ccn(C2CCCN(Cc3c(C)nn(C)c3OC)C2)n1,6.6
CC(=O)Nc1nc(CN2CCn3c(nnc3C(C)C)C2)cs1,7.0
CC(C)c1cc(C(=O)N2CCCC(S(C)(=O)=O)CC2)nn1C,6.7
CC(C)c1nn(C)c(N(C)C)c1CNC1CCN(CC2CC2)CC1,6.0
Cc1cc(NC(=O)CNC(C)C(C)n2cccn2)n(C)n1,6.4
Cc1conc1NC(=O)CCn1cnc2c1c(=O)n(C)c(=O)n2C,7.3
CC[C@@H]1C(=O)NCCCN1C(=O)Cn1nnnc1C(C)C,6.2
CC(C)c1nnc(Cn2cnc3c2c(=O)n(C)c(=O)n3C)o1,6.9
Cc1nn(C)cc1[C@H]1OCC[C@@H]1NC(=O)COc1c(C)nn(C)c1C,6.6
Cc1ccn(C)c1C(=O)NC[C@H]1C[C@H](c2nn(C)c(=O)n2C)C[C@H]1O,7.3
Cc1nn(CC(=O)N[C@H]2CCC[C@H]2Oc2cnn(C)c2)c(=O)n1C,6.5
CC(C)c1nn(C)c(N(C)C)c1CNC1CCC(O)CC1,6.2
CC(C)Cn1ncc(NS(=O)(=O)c2cc(C(=O)O)cs2)c1C1CC1,7.1
Cc1nn(CC(C)C)c(C)c1CCC(=O)N1CCN2CCC1C2,7.1
CCC(CC)n1ncc(C(=O)N2CC(CN3CCOCC3)C2)c1C,6.7
Cc1nn(C)c(C)c1Nc1ccnc(Nc2c(C)nn(C)c2C)n1,6.5
CC(C)Cn1cc(CNC[C@@H]2CC(=O)N(C)[C@H]2c2ccncc2)cn1,7.6
Cc1cnn(CCC(=O)N[C@H]2CCO[C@@H]2c2c(C)nn(C)c2C)c1,7.2
Cn1cc(-c2noc(C3CCc4nnn(C5CCC5)c4C3)n2)c(=O)n(C)c1=O,8.2
Cc1nn(C)c(C)c1C(NC(=O)Cn1ncn(C)c1=O)C(F)(F)F,6.2
CC(C)(C)c1nnc2ccc(NCC(C)(C)c3cccnc3)nn12,7.9
Cc1nn(Cc2nc(C3(c4ccncc4)CCC3)no2)c(=O)n1C,8.5
CN(C)c1ncc(CNC(=O)c2coc(CN3CC[C@H](O)C3)n2)n1C,7.1
Cc1cnn(CCC(=O)NC2CCCN(c3cc(C)nn3C)C2=O)c1,7.1
Cc1noc(C)c1CCn1cnc2c1c(=O)n(C)c(=O)n2C,6.9
Cc1noc(C)c1C(C)C(=O)NC(C)c1ncc(C(=O)O)s1,6.8
CCC(CC)n1ncc(C(=O)Nc2ccnn2CCN(C)C)c1C,6.1
CC(C)[C@H](NC(=O)Cn1cc([N+](=O)[O-])cn1)[C@H](O)C(F)(F)F,7.0
Cc1noc(C)c1NC(=O)CCn1cnc2c1c(=O)n(C)c(=O)n2C,7.2
CO[C@@H]1C[C@H](c2nnc(C)o2)N(C(=O)c2cc(O)nc(CC(C)C)c2)C1,7.3
Cc1nc(S(=O)(=O)N2CCN(Cc3noc(C(C)C)n3)CC2)cn1C,6.8
CCc1nnc2n1CC(CNCc1c(C)nc3sc(C)cn13)CC2,6.9
CC(C)c1cc(C(=O)N2CCCCC2CCC(=O)O)cc(O)n1,7.8
CC(C)C1N(C)CC12C[C@@H](O)[C@H](NC(=O)c1cc(C3CC3)[nH]c(=O)c1)C2,8.3
CC(C)Cc1cc(C(=O)NC2CCC(=O)N(C)C2)cc(O)n1,7.5
Cc1nn(C)c(NC(=O)CCn2cnc3c2c(=O)n(C)c(=O)n3C)c1C,7.1
CCCn1cc(C(=O)NC(c2nc(C(C)C)no2)C2CCOCC2)cn1,7.4
CC(C)NC(=O)c1cnn2c1CC(CNCc1csc(C3CC3)n1)CC2,7.6
Cc1cc(N2CCCC(NC(=O)c3cc(O)nc(CC(C)C)c3)C2)n(C)n1,7.6
CC(C)c1nnc2n1CCN(C(=O)c1cc(-c3cccs3)on1)C2,7.5
Cc1noc([C@H]2C[C@@H](O)CN2C(=O)c2cc(O)nc(C(C)C)c2)n1,7.9
CC(C)c1nnc2n1CCN(C(=O)c1cc(-c3ccco3)on1)C2,7.3
COCCC(C)(C)Cn1c(COCc2ccccc2)nnc1N1CCCC1,7.3
Cc1noc([C@H]2CN(Cc3cnc(N(C)C)n3C)C[C@@H](C)O2)n1,6.7
CO[C@@H]1C[C@@H](c2nc(C)c(C)[nH]2)N(Cc2ncnn2CC(C)C)C1,6.2
CC(C)n1cc(S(=O)(=O)NC2(C)CCOCC2)cn1,6.2
Cc1cn2c(CNCC3CCc4nnc(C)n4C3)c(C)nc2s1,6.9
CC(C)c1cc(C(=O)N2CCCCC2CCN)cc(O)n1,7.7
CC1CCc2sc(C(=O)N3CCn4c(nnc4C(C)C)C3)cc2C1,8.6
Cc1noc(C(C)C)c1C(=O)NC(C)c1ncc(C(=O)O)s1,6.8
Cc1oc(C(=O)NC2CCN(C(C)C)CC2)cc1S(=O)(=O)N1CCCC1,7.4
CC(C)Cc1cc(C(=O)NC2CCN(C(N)=O)C2)cc(O)n1,7.7
CC1CCc2c(C(=O)N3CCn4c(nnc4C(C)C)C3)csc2C1,7.5
CC(C)c1ncc(C(=O)N2CCS(=O)(=O)CC2c2cnn(C)c2)s1,6.8
CN1C[C@@H](CNC(=O)N2CCOC3(CCOCC3)CC2)[C@H](c2ccccc2)C1,8.9
O=C(N[C@H]1C[C@@H](O)[C@@H]1n1cccn1)C1(c2ccc(F)cc2)CCOCC1,9.3
CC(C)c1ncc(C(=O)N2CCCC(n3ncc(N4CCOCC4)cc3=O)C2)s1,8.1
CC(C)CC(CN(C)C)NC(=O)Nc1cc(C(F)(F)F)c[nH]c1=O,6.3
CCc1c[nH]c(=O)c(C(=O)N[C@@H]2CC3(C[C@H]2O)CN(C)C3C(C)C)c1,7.5
COc1c(C2CCCN2CCCS(=O)(=O)N(C)C)c(C)nn1C,6.1
Cc1oc(-c2ccsc2)nc1CN1CCn2c(nnc2C(C)C)C1,7.0
Cc1ccccc1C1(C(=O)N[C@H]2C[C@@H](O)[C@@H]2n2cccn2)CCOCC1,7.1
COc1cc(CN[C@@H]2CCCC[C@@H]2Cc2nn(C)c(=O)n2C)ccn1,7.7
CC(C)n1cnc(S(=O)(=O)NCC2(C(=O)O)CCOCC2)c1,6.5
CC(C)c1nnc2n1CCN(C(=O)c1cc(C(N)=O)cn1C)C2C,7.6
CC(C)c1nnc(NC(=O)C2CCCCN2C(=O)c2ccco2)s1,7.1
CC(C)CN(C(=O)c1c[nH]c(C(F)(F)F)c1)C1CC1,6.4
O=C(NCC1(c2ccccc2)CCOCC1)N1CCCC(C2CCCCO2)C1,9.5
C[C@H]1CN(C(=O)CNS(=O)(=O)c2cnn(C)c2)C[C@@H](C)O1,6.1
Cc1nn(C)c(NC(=O)CCCN2C(=O)NC(C)(C)C2=O)c1C,6.8
CC(C)c1nsc(NCc2ccc(S(C)(=O)=O)nc2)n1,6.9
CC(C)c1nnc2n1CC(NC(=O)N1Cc3cnn(-c4ccccc4)c3C1)CC2,9.0
CC1CN(S(=O)(=O)c2cnc(NCCCO)c(Cl)c2)CC1C,7.2
COc1ccc2c(n1)N(C)CCN2C(=O)c1cnn(CC(C)C)c1C(F)F,6.8
CC(C)c1nc2c(n1C)CCN(Cc1nc3c(F)cccc3[nH]1)C2,8.5
COC1(C(=O)N2CC[C@@H](c3ccccc3)[C@@H](CO)C2)CCOCC1,7.5
CC(C)C(NC(=O)c1ccc(=O)[nH]n1)C1(CO)CCCC1,6.8
Cc1ccccc1-c1cc(C(=O)Nc2cccc(-c3nnn[nH]3)c2)c2cnn(C(C)C)c2n1,9.8
CC(C)n1cnc(S(=O)(=O)NC2(CN)CCOCC2)c1,5.9
CCC1C(=O)NCCN1C(=O)c1cc(C(C)C)n(C)n1,6.4
CNC(=O)c1ccc(C2CCCCN2Cc2cnc(N(C)C)n2C)n1C,6.4
CC(C)c1nc(C(=O)N2CCCCC2C(=O)O)cs1,6.5
CC(C)S(=O)(=O)CC(=O)Nc1cc(C(=O)O)cs1,5.9
CC(C)C[C@@H](NS(=O)(=O)c1cn(C)nc1C(F)(F)F)C(=O)O,6.0
CC(C)c1nnc2n1CCN(C(=O)c1ccc(C(N)=O)s1)C2C,7.7
N[C@@H]1C[C@@H]2CC(C(=O)N3CCc4c(cccc4C(F)(F)F)C3)C[C@@H]21,8.7
NC1CC2CC(C(=O)N3CCc4c(cccc4C(F)(F)F)C3)CC12,9.0
